date,total_pickup,is_holiday,is_weekend,season,temp,humidity,precip,precipprob,snow,windgust,windspeed,cloudcover,visibility,severerisk,icon
2020-05-01,2969,0,0,2,14.9,69.6,2.607,100,0.0,38.9,25.7,66.7,16.0,-1.0,rain
2020-05-02,9028,0,1,2,16.3,54.0,0.0,0,0.0,39.6,26.1,30.2,15.9,-1.0,partly-cloudy-day
2020-05-03,3663,0,1,2,18.6,72.5,10.234,100,0.0,46.8,21.4,71.7,15.2,-1.0,rain
2020-05-04,3718,0,0,2,19.2,53.8,15.555,100,0.0,68.8,44.9,50.3,15.2,-1.0,rain
2020-05-05,2374,0,0,2,12.3,55.6,4.488,100,0.0,28.4,24.0,81.0,15.2,-1.0,rain
2020-05-06,1385,0,0,2,11.2,80.9,1.657,100,0.0,42.7,27.0,79.1,13.4,-1.0,rain
2020-05-07,3935,0,0,2,13.3,50.5,0.46,100,0.0,53.6,24.7,33.9,15.9,-1.0,rain
2020-05-08,1818,0,0,2,14.0,56.5,3.255,100,0.0,69.5,40.0,62.9,15.9,-1.0,rain
2020-05-09,2913,0,1,2,6.8,41.9,0.0,0,0.0,64.3,40.8,40.5,16.0,-1.0,partly-cloudy-day
2020-05-10,5827,0,1,2,11.1,44.9,0.0,0,0.0,39.9,30.4,22.4,16.0,-1.0,partly-cloudy-day
2020-05-11,2259,0,0,2,12.6,53.2,0.479,100,0.0,56.5,38.9,73.9,16.0,-1.0,rain
2020-05-12,3028,0,0,2,11.8,42.6,0.0,0,0.0,46.0,26.4,62.9,16.0,-1.0,partly-cloudy-day
2020-05-13,4145,0,0,2,14.4,45.9,0.0,0,0.0,35.6,16.7,28.4,16.0,-1.0,partly-cloudy-day
2020-05-14,3610,0,0,2,16.1,68.4,0.552,100,0.0,31.7,19.7,62.0,15.9,-1.0,rain
2020-05-15,5818,0,0,2,22.8,65.6,0.036,100,0.0,47.4,32.4,53.0,16.0,-1.0,rain
2020-05-16,9019,0,1,2,23.3,56.8,0.0,0,0.0,32.0,20.3,55.3,16.0,-1.0,partly-cloudy-day
2020-05-17,5659,0,1,2,18.0,72.6,0.0,0,0.0,37.1,19.7,71.1,16.0,-1.0,partly-cloudy-day
2020-05-18,2941,0,0,2,16.6,77.4,0.0,0,0.0,41.4,27.8,96.6,14.5,-1.0,cloudy
2020-05-19,3202,0,0,2,16.6,48.4,0.0,0,0.0,61.0,40.4,62.5,16.0,-1.0,partly-cloudy-day
2020-05-20,3417,0,0,2,14.0,56.0,0.0,0,0.0,47.3,33.9,83.1,16.0,-1.0,partly-cloudy-day
2020-05-21,3730,0,0,2,15.9,71.5,0.0,0,0.0,39.2,26.1,86.3,16.0,-1.0,partly-cloudy-day
2020-05-22,3058,0,0,2,19.5,86.3,13.88,100,0.0,28.4,19.5,83.6,13.0,-1.0,rain
2020-05-23,9172,0,1,2,22.8,72.3,7.761,100,0.0,33.3,22.9,61.5,15.6,-1.0,rain
2020-05-24,6339,0,1,2,18.0,82.3,0.0,0,0.0,32.8,20.9,94.2,15.8,-1.0,cloudy
2020-05-25,8857,1,0,2,19.7,73.6,0.0,0,0.0,19.1,14.0,67.8,16.0,-1.0,partly-cloudy-day
2020-05-26,4927,0,0,2,21.2,77.0,0.0,0,0.0,25.9,16.1,53.8,15.8,-1.0,partly-cloudy-day
2020-05-27,4802,0,0,2,22.2,79.2,0.0,0,0.0,29.2,17.5,67.3,15.8,-1.0,partly-cloudy-day
2020-05-28,3471,0,0,2,23.8,88.6,2.032,100,0.0,44.3,25.5,84.4,14.8,-1.0,rain
2020-05-29,5615,0,0,2,26.0,80.1,0.0,0,0.0,44.6,30.3,75.5,15.2,-1.0,partly-cloudy-day
2020-05-30,10739,0,1,2,24.3,55.7,0.278,100,0.0,50.0,32.7,49.2,16.0,-1.0,rain
2020-05-31,7613,0,1,2,20.4,39.5,0.0,0,0.0,41.6,28.5,36.8,16.0,-1.0,partly-cloudy-day
2020-06-01,5013,0,0,3,18.5,40.2,0.0,0,0.0,31.7,21.1,36.0,16.0,-1.0,partly-cloudy-day
2020-06-02,5386,0,0,3,19.3,58.2,0.0,0,0.0,31.3,21.8,69.2,16.0,-1.0,partly-cloudy-day
2020-06-03,6515,0,0,3,26.6,59.9,0.0,0,0.0,42.5,28.5,64.1,16.0,-1.0,partly-cloudy-day
2020-06-04,5165,0,0,3,27.6,61.4,10.208,100,0.0,79.6,20.2,51.2,15.7,-1.0,rain
2020-06-05,5044,0,0,3,24.8,81.5,36.408,100,0.0,35.3,24.1,64.4,15.4,-1.0,rain
2020-06-06,15482,0,1,3,27.1,67.3,0.022,100,0.0,43.9,25.6,57.7,16.0,-1.0,rain
2020-06-07,10635,0,1,3,24.3,47.0,0.022,100,0.0,32.8,23.2,40.5,16.0,-1.0,rain
2020-06-08,7018,0,0,3,22.9,50.4,0.0,0,0.0,22.7,19.4,24.0,16.0,-1.0,partly-cloudy-day
2020-06-09,6756,0,0,3,25.4,67.3,0.0,0,0.0,27.7,22.8,55.5,16.0,-1.0,partly-cloudy-day
2020-06-10,5411,0,0,3,27.8,75.4,0.0,0,0.0,48.6,35.9,70.8,16.0,-1.0,partly-cloudy-day
2020-06-11,4700,0,0,3,26.4,73.6,9.136,100,0.0,45.8,26.9,79.4,15.0,-1.0,rain
2020-06-12,7424,0,0,3,26.2,44.8,0.0,0,0.0,31.7,19.8,40.5,16.0,-1.0,partly-cloudy-day
2020-06-13,12100,0,1,3,22.6,45.5,0.0,0,0.0,29.9,22.7,34.3,16.0,-1.0,partly-cloudy-day
2020-06-14,10335,0,1,3,21.1,49.2,0.0,0,0.0,31.7,23.0,56.8,16.0,-1.0,partly-cloudy-day
2020-06-15,6042,0,0,3,21.0,55.7,0.0,0,0.0,38.9,24.8,67.2,16.0,-1.0,partly-cloudy-day
2020-06-16,6203,0,0,3,21.1,55.2,0.0,0,0.0,43.2,28.1,67.3,16.0,-1.0,partly-cloudy-day
2020-06-17,2897,0,0,3,20.0,81.1,20.202,100,0.0,50.4,27.6,88.6,14.0,-1.0,rain
2020-06-18,5874,0,0,3,23.1,78.1,0.407,100,0.0,33.1,19.7,80.1,14.9,-1.0,rain
2020-06-19,7252,0,0,3,23.8,76.9,0.278,100,0.0,36.4,20.2,62.4,16.0,-1.0,rain
2020-06-20,6305,0,1,3,22.5,84.9,14.357,100,0.0,24.8,15.4,52.6,15.3,-1.0,rain
2020-06-21,9037,0,1,3,24.6,78.2,0.0,0,0.0,22.7,19.6,56.6,15.2,-1.0,partly-cloudy-day
2020-06-22,4959,0,0,3,25.5,76.9,0.265,100,0.0,49.9,24.4,46.6,16.0,-1.0,rain
2020-06-23,6190,0,0,3,26.1,76.2,0.0,0,0.0,36.7,23.6,56.4,15.9,-1.0,partly-cloudy-day
2020-06-24,7401,0,0,3,26.5,54.7,0.0,0,0.0,35.4,23.9,55.5,16.0,-1.0,partly-cloudy-day
2020-06-25,6074,0,0,3,25.2,61.7,0.0,0,0.0,26.3,16.1,57.7,16.0,-1.0,partly-cloudy-day
2020-06-26,8098,0,0,3,26.0,55.8,0.0,0,0.0,32.8,29.6,43.3,16.0,-1.0,partly-cloudy-day
2020-06-27,9058,0,1,3,27.5,64.3,0.534,100,0.0,51.5,24.9,62.3,15.8,-1.0,rain
2020-06-28,8590,0,1,3,28.0,63.7,0.0,0,0.0,36.7,19.7,56.1,16.0,-1.0,partly-cloudy-day
2020-06-29,6365,0,0,3,28.7,54.3,0.0,0,0.0,35.3,27.1,50.3,16.0,-1.0,partly-cloudy-day
2020-06-30,6666,0,0,3,27.9,53.7,0.0,0,0.0,29.2,20.4,53.4,16.0,-1.0,partly-cloudy-day
2020-07-01,6381,0,0,3,25.9,70.6,3.133,100,0.0,26.3,19.5,54.0,16.0,-1.0,rain
2020-07-02,7456,0,0,3,27.8,57.9,0.0,0,0.0,31.7,19.7,36.9,16.0,-1.0,partly-cloudy-day
2020-07-03,8492,1,0,3,30.3,49.2,0.0,0,0.0,29.5,20.2,20.4,16.0,-1.0,partly-cloudy-day
2020-07-04,11271,0,1,3,29.2,58.3,0.537,100,0.0,30.2,17.7,40.9,15.7,-1.0,rain
2020-07-05,7002,0,1,3,28.4,71.3,0.0,0,0.0,31.7,24.7,44.3,13.5,-1.0,partly-cloudy-day
2020-07-06,4981,0,0,3,28.0,73.8,11.12,100,0.0,84.6,53.6,48.9,15.8,-1.0,rain
2020-07-07,5765,0,0,3,26.0,79.0,57.705,100,0.0,51.8,35.3,64.5,15.0,-1.0,rain
2020-07-08,6702,0,0,3,28.2,69.9,0.0,0,0.0,27.7,19.4,31.1,15.9,-1.0,partly-cloudy-day
2020-07-09,6637,0,0,3,27.9,71.8,0.0,0,0.0,32.0,17.5,47.4,15.9,-1.0,partly-cloudy-day
2020-07-10,7473,0,0,3,27.9,72.2,0.0,0,0.0,40.7,25.2,53.5,16.0,-1.0,partly-cloudy-day
2020-07-11,10070,0,1,3,28.5,62.2,0.0,0,0.0,38.4,26.9,56.7,15.9,-1.0,partly-cloudy-day
2020-07-12,8566,0,1,3,27.3,57.2,0.602,100,0.0,51.8,19.4,43.9,16.0,-1.0,rain
2020-07-13,6583,0,0,3,26.8,61.8,3.051,100,0.0,27.0,15.6,53.6,16.0,-1.0,rain
2020-07-14,6990,0,0,3,27.1,56.5,0.267,100,0.0,34.7,20.9,38.5,15.9,-1.0,rain
2020-07-15,7117,0,0,3,27.4,59.4,0.0,0,0.0,33.5,18.0,34.6,16.0,-1.0,partly-cloudy-day
2020-07-16,7292,0,0,3,26.7,74.3,0.0,0,0.0,43.6,24.1,66.6,16.0,-1.0,partly-cloudy-day
2020-07-17,7733,0,0,3,29.0,68.8,0.0,0,0.0,33.8,20.3,58.4,16.0,-1.0,partly-cloudy-day
2020-07-18,9752,0,1,3,31.0,52.8,0.0,0,0.0,27.7,14.2,38.1,16.0,-1.0,partly-cloudy-day
2020-07-19,7753,0,1,3,31.2,61.4,0.0,0,0.0,33.5,19.7,42.3,15.9,-1.0,partly-cloudy-day
2020-07-20,5359,0,0,3,30.8,61.3,3.706,100,0.0,64.8,23.8,62.4,15.7,-1.0,rain
2020-07-21,5743,0,0,3,29.5,64.5,11.207,100,0.0,37.1,14.4,44.9,15.4,-1.0,rain
2020-07-22,4338,0,0,3,26.2,84.3,14.85,100,0.0,90.9,44.3,52.5,16.0,-1.0,rain
2020-07-23,6310,0,0,3,27.3,76.9,43.963,100,0.0,57.2,43.2,61.2,15.4,-1.0,rain
2020-07-24,6926,0,0,3,26.1,82.0,11.73,100,0.0,20.5,16.4,62.5,15.6,-1.0,rain
2020-07-25,10780,0,1,3,27.9,73.6,0.0,0,0.0,19.4,14.6,35.6,15.9,-1.0,partly-cloudy-day
2020-07-26,8316,0,1,3,30.2,61.4,0.0,0,0.0,35.3,23.2,43.1,15.9,-1.0,partly-cloudy-day
2020-07-27,6668,0,0,3,30.8,56.2,0.0,0,0.0,33.5,21.4,46.3,16.0,-1.0,partly-cloudy-day
2020-07-28,6788,0,0,3,29.7,64.1,0.0,0,0.0,37.8,23.0,49.4,16.0,-1.0,partly-cloudy-day
2020-07-29,7272,0,0,3,28.7,60.1,0.0,0,0.0,27.7,21.0,34.0,16.0,-1.0,partly-cloudy-day
2020-07-30,6079,0,0,3,28.8,69.1,3.356,100,0.0,64.8,36.1,51.3,16.0,-1.0,rain
2020-07-31,5832,0,0,3,24.8,85.6,3.077,100,0.0,25.2,19.5,76.2,15.2,-1.0,rain
2020-08-01,10602,0,1,3,27.1,76.6,0.0,0,0.0,26.3,17.8,59.6,16.0,-1.0,partly-cloudy-day
2020-08-02,9029,0,1,3,28.6,76.1,1.641,100,0.0,66.6,27.3,72.7,16.0,-1.0,rain
2020-08-03,4523,0,0,3,26.4,68.9,11.412,100,0.0,60.8,15.7,55.3,15.4,-1.0,rain
2020-08-04,5377,0,0,3,24.7,80.2,66.477,100,0.0,55.4,38.3,65.7,12.7,-1.0,rain
2020-08-05,8032,0,0,3,26.3,67.7,0.036,100,0.0,22.7,15.2,42.9,15.9,-1.0,rain
2020-08-06,5721,0,0,3,25.8,77.9,14.831,100,0.0,27.7,19.7,59.7,15.3,-1.0,rain
2020-08-07,7568,0,0,3,26.0,77.4,9.264,100,0.0,50.0,20.2,62.6,15.9,-1.0,rain
2020-08-08,11413,0,1,3,25.5,78.0,0.022,100,0.0,23.0,15.3,65.2,16.0,-1.0,rain
2020-08-09,8978,0,1,3,26.9,78.5,0.277,100,0.0,29.5,19.7,50.2,15.9,-1.0,rain
2020-08-10,6298,0,0,3,28.1,76.0,0.0,0,0.0,18.0,23.1,36.0,15.8,-1.0,partly-cloudy-day
2020-08-11,6881,0,0,3,28.2,77.3,0.0,0,0.0,24.8,19.8,45.8,16.0,-1.0,partly-cloudy-day
2020-08-12,5727,0,0,3,27.2,78.3,8.444,100,0.0,59.0,22.5,51.3,15.5,-1.0,rain
2020-08-13,5398,0,0,3,25.7,84.8,17.223,100,0.0,21.2,14.3,64.2,14.1,-1.0,rain
2020-08-14,7736,0,0,3,26.2,79.5,3.203,100,0.0,37.1,21.2,73.7,15.5,-1.0,rain
2020-08-15,8624,0,1,3,24.5,76.2,0.329,100,0.0,33.5,19.4,77.3,16.0,-1.0,rain
2020-08-16,6730,0,1,3,21.5,84.4,32.094,100,0.0,36.0,26.7,65.5,13.5,-1.0,rain
2020-08-17,5859,0,0,3,23.0,80.0,3.227,100,0.0,27.4,19.6,36.5,15.9,-1.0,rain
2020-08-18,7727,0,0,3,24.9,68.1,0.0,0,0.0,22.3,19.6,27.8,16.0,-1.0,partly-cloudy-day
2020-08-19,6705,0,0,3,24.1,71.8,2.488,100,0.0,31.7,19.5,47.1,15.8,-1.0,rain
2020-08-20,7797,0,0,3,24.1,68.4,0.0,0,0.0,23.8,15.4,53.5,16.0,-1.0,partly-cloudy-day
2020-08-21,8208,0,0,3,24.7,78.0,0.0,0,0.0,23.8,16.0,65.5,16.0,-1.0,partly-cloudy-day
2020-08-22,10249,0,1,3,25.6,79.9,0.011,100,0.0,22.3,16.0,66.2,15.9,-1.0,rain
2020-08-23,9440,0,1,3,27.3,77.4,0.011,100,0.0,26.3,21.5,65.2,16.0,-1.0,rain
2020-08-24,6178,0,0,3,26.9,78.1,1.195,100,0.0,50.0,17.6,47.8,15.9,-1.0,rain
2020-08-25,6323,0,0,3,27.3,71.3,0.583,100,0.0,46.1,25.3,50.4,16.0,-1.0,rain
2020-08-26,7738,0,0,3,26.4,60.0,0.0,0,0.0,31.7,21.6,46.1,16.0,-1.0,partly-cloudy-day
2020-08-27,8004,0,0,3,28.6,65.1,0.0,0,0.0,50.8,30.6,52.1,16.0,-1.0,partly-cloudy-day
2020-08-28,9826,0,0,3,27.8,68.5,32.348,100,0.0,68.4,23.3,62.1,15.3,-1.0,rain
2020-08-29,7776,0,1,3,25.6,84.4,18.139,100,0.0,34.6,20.1,64.3,14.9,-1.0,rain
2020-08-30,11608,0,1,3,24.5,57.1,0.0,0,0.0,37.1,23.1,48.7,15.9,-1.0,partly-cloudy-day
2020-08-31,3648,0,0,3,22.2,78.3,10.076,100,0.0,25.2,14.1,67.4,14.9,-1.0,rain
2020-09-01,6565,0,0,4,23.4,81.8,2.53,100,0.0,26.3,14.0,72.2,15.7,-1.0,rain
2020-09-02,6404,0,0,4,26.5,82.7,0.41,100,0.0,35.6,24.8,66.2,15.8,-1.0,rain
2020-09-03,5085,0,0,4,27.6,79.6,9.36,100,0.0,47.9,33.8,47.8,15.4,-1.0,rain
2020-09-04,8120,0,0,4,26.8,71.9,0.278,100,0.0,40.7,22.8,35.0,15.9,-1.0,rain
2020-09-05,11986,0,1,4,22.8,53.8,0.0,0,0.0,24.1,15.9,35.0,16.0,-1.0,partly-cloudy-day
2020-09-06,11452,0,1,4,22.7,65.5,0.0,0,0.0,19.1,17.4,17.7,16.0,-1.0,clear-day
2020-09-07,9920,1,0,4,23.0,67.6,0.0,0,0.0,27.4,14.6,41.9,16.0,-1.0,partly-cloudy-day
2020-09-08,6463,0,0,4,24.3,72.3,0.0,0,0.0,23.0,12.1,50.8,16.0,-1.0,partly-cloudy-day
2020-09-09,4341,0,0,4,24.1,89.5,16.715,100,0.0,29.2,25.4,75.2,13.6,-1.0,rain
2020-09-10,3684,0,0,4,25.1,92.2,68.131,100,0.0,27.7,14.8,77.7,12.3,-1.0,rain
2020-09-11,7705,0,0,4,24.8,83.1,0.0,0,0.0,34.9,25.0,84.5,15.7,-1.0,partly-cloudy-day
2020-09-12,9964,0,1,4,21.9,76.2,0.109,100,0.0,34.9,17.6,73.0,15.9,-1.0,rain
2020-09-13,10041,0,1,4,21.9,74.8,0.0,0,0.0,26.6,17.9,32.2,16.0,-1.0,partly-cloudy-day
2020-09-14,6672,0,0,4,23.2,66.6,0.011,100,0.0,47.9,25.0,57.8,16.0,-1.0,rain
2020-09-15,6936,0,0,4,17.0,58.3,0.0,0,0.0,40.7,22.8,68.3,16.0,-1.0,partly-cloudy-day
2020-09-16,7044,0,0,4,17.9,73.4,0.005,100,0.0,26.6,15.9,62.6,16.0,-1.0,rain
2020-09-17,4495,0,0,4,20.7,80.5,9.34,100,0.0,15.5,13.7,78.5,14.8,-1.0,rain
2020-09-18,8600,0,0,4,20.4,73.4,2.299,100,0.0,47.2,29.6,64.7,15.1,-1.0,rain
2020-09-19,11840,0,1,4,14.6,45.9,0.0,0,0.0,44.6,30.0,29.9,16.0,-1.0,partly-cloudy-day
2020-09-20,9909,0,1,4,14.3,58.5,0.0,0,0.0,29.5,21.7,16.3,16.0,-1.0,clear-day
2020-09-21,6496,0,0,4,14.3,55.4,0.0,0,0.0,36.7,21.5,17.3,16.0,-1.0,clear-day
2020-09-22,6885,0,0,4,15.2,58.1,0.0,0,0.0,31.7,16.4,11.9,16.0,-1.0,clear-day
2020-09-23,8063,0,0,4,19.9,54.1,0.073,100,0.0,35.0,17.8,46.7,16.0,-1.0,rain
2020-09-24,7395,0,0,4,19.0,77.1,0.0,0,0.0,17.6,15.9,76.3,16.0,-1.0,partly-cloudy-day
2020-09-25,6061,0,0,4,18.2,87.6,1.468,100,0.0,25.9,16.0,69.7,15.9,-1.0,rain
2020-09-26,9389,0,1,4,19.3,90.1,16.203,100,0.0,25.6,14.3,90.2,12.7,-1.0,rain
2020-09-27,9083,0,1,4,21.8,86.9,1.056,100,0.0,21.6,10.7,83.7,12.7,-1.0,rain
2020-09-28,6623,0,0,4,22.4,83.7,0.303,100,0.0,37.8,18.0,62.1,16.0,-1.0,rain
2020-09-29,5586,0,0,4,21.6,81.4,1.333,100,0.0,49.3,25.6,67.5,15.8,-1.0,rain
2020-09-30,6876,0,0,4,17.0,71.2,6.266,100,0.0,50.4,26.6,39.3,15.6,-1.0,rain
2020-10-01,6303,0,0,4,18.2,69.9,0.62,100,0.0,28.8,19.4,48.7,16.0,-1.0,rain
2020-10-02,7724,0,0,4,16.0,67.4,2.73,100,0.0,38.7,23.4,50.3,16.0,-1.0,rain
2020-10-03,11218,0,1,4,14.5,57.0,0.0,0,0.0,25.9,19.5,13.3,16.0,-1.0,clear-day
2020-10-04,8360,0,1,4,14.9,67.3,0.0,0,0.0,21.2,11.9,33.2,16.0,-1.0,partly-cloudy-day
2020-10-05,6139,0,0,4,16.4,64.4,0.545,100,0.0,40.7,27.1,58.0,16.0,-1.0,rain
2020-10-06,6768,0,0,4,15.8,72.7,0.0,0,0.0,29.5,19.6,18.5,16.0,-1.0,clear-day
2020-10-07,7464,0,0,4,19.8,68.1,0.0,0,0.0,41.7,28.0,29.4,16.0,-1.0,partly-cloudy-day
2020-10-08,6999,0,0,4,17.8,52.6,0.0,0,0.0,45.8,27.5,14.4,16.0,-1.0,clear-day
2020-10-09,8234,0,0,4,15.7,64.0,0.0,0,0.0,27.4,21.8,47.3,16.0,-1.0,partly-cloudy-day
2020-10-10,10846,0,1,4,18.5,80.0,0.0,0,0.0,33.5,18.5,90.3,16.0,-1.0,cloudy
2020-10-11,4709,0,1,4,19.7,90.5,13.382,100,0.0,28.4,17.6,95.4,13.9,-1.0,rain
2020-10-12,2833,1,0,4,16.5,93.7,25.693,100,0.0,47.7,33.4,99.7,6.6,-1.0,rain
2020-10-13,6219,0,0,4,16.7,77.0,0.311,100,0.0,41.2,27.2,70.3,14.6,-1.0,rain
2020-10-14,7082,0,0,4,15.9,67.8,0.0,0,0.0,27.7,21.0,22.7,16.0,-1.0,partly-cloudy-day
2020-10-15,7337,0,0,4,18.5,73.1,0.0,0,0.0,45.8,28.8,32.1,16.0,-1.0,partly-cloudy-day
2020-10-16,4720,0,0,4,15.0,73.6,4.355,100,0.0,33.1,24.0,93.0,15.9,-1.0,rain
2020-10-17,10354,0,1,4,12.2,58.1,0.0,0,0.0,31.7,18.4,20.2,15.9,-1.0,partly-cloudy-day
2020-10-18,8315,0,1,4,13.3,71.9,0.0,0,0.0,33.5,16.1,49.7,15.9,-1.0,partly-cloudy-day
2020-10-19,6136,0,0,4,17.0,79.0,0.0,0,0.0,32.0,15.0,73.3,16.0,-1.0,partly-cloudy-day
2020-10-20,6663,0,0,4,18.1,83.5,0.0,0,0.0,22.3,11.9,73.5,13.5,-1.0,partly-cloudy-day
2020-10-21,6447,0,0,4,19.6,90.9,0.267,100,0.0,33.5,14.6,67.7,10.2,-1.0,rain
2020-10-22,6872,0,0,4,20.3,84.7,0.0,0,0.0,22.0,12.4,32.6,11.6,-1.0,partly-cloudy-day
2020-10-23,8016,0,0,4,20.0,83.2,0.0,0,0.0,28.1,16.6,56.4,13.1,-1.0,partly-cloudy-day
2020-10-24,10860,0,1,4,19.2,76.1,0.0,0,0.0,35.6,25.1,78.5,16.0,-1.0,partly-cloudy-day
2020-10-25,2688,0,1,4,9.9,82.2,11.665,100,0.0,28.1,22.9,98.9,13.3,-1.0,rain
2020-10-26,5283,0,0,4,12.4,88.1,0.036,100,0.0,19.1,19.6,93.5,13.4,-1.0,rain
2020-10-27,5882,0,0,4,16.2,83.2,0.0,0,0.0,17.6,14.2,96.6,15.1,-1.0,cloudy
2020-10-28,6540,0,0,4,18.5,86.7,0.0,0,0.0,31.0,20.1,94.0,14.2,-1.0,cloudy
2020-10-29,1921,0,0,4,14.9,91.9,57.781,100,0.0,46.8,29.3,99.3,10.3,-1.0,rain
2020-10-30,5833,0,0,4,10.6,77.9,8.354,100,0.0,45.6,31.9,87.8,15.6,-1.0,rain
2020-10-31,6660,0,1,4,8.2,69.6,0.0,0,0.0,21.6,22.5,86.0,16.0,-1.0,partly-cloudy-day
2020-11-01,3271,0,1,4,11.0,74.7,13.297,100,0.0,67.0,43.9,91.0,15.0,-1.0,rain
2020-11-02,4033,0,0,4,6.5,40.5,0.0,0,0.0,75.2,50.6,33.7,16.0,-1.0,wind
2020-11-03,6208,0,0,4,10.9,41.0,0.0,0,0.0,54.3,32.7,47.1,16.0,-1.0,partly-cloudy-day
2020-11-04,5018,0,0,4,11.4,68.7,0.0,0,0.0,26.6,17.2,3.0,15.8,-1.0,clear-day
2020-11-05,5577,0,0,4,13.4,72.5,0.0,0,0.0,30.2,19.6,42.7,15.1,-1.0,partly-cloudy-day
2020-11-06,7132,0,0,4,13.8,77.2,0.0,0,0.0,16.6,15.5,48.2,15.2,-1.0,partly-cloudy-day
2020-11-07,13707,0,1,4,14.3,72.4,0.0,0,0.0,15.1,10.7,11.2,14.5,-1.0,clear-day
2020-11-08,9206,0,1,4,15.5,78.2,0.0,0,0.0,14.8,13.4,18.4,13.6,-1.0,clear-day
2020-11-09,5716,0,0,4,16.5,80.9,0.0,0,0.0,22.7,14.4,22.7,14.8,-1.0,partly-cloudy-day
2020-11-10,6481,0,0,4,17.4,80.5,0.0,0,0.0,29.6,20.0,33.6,16.0,-1.0,partly-cloudy-day
2020-11-11,1859,1,0,4,19.0,95.6,28.651,100,0.0,52.9,20.2,90.6,11.8,-1.0,rain
2020-11-12,3164,0,0,4,15.2,85.6,45.01,100,0.0,42.5,27.5,99.0,12.7,-1.0,rain
2020-11-13,6526,0,0,4,12.1,65.3,0.0,0,0.0,35.3,19.9,59.6,15.9,-1.0,partly-cloudy-day
2020-11-14,8827,0,1,4,10.9,57.6,0.0,0,0.0,24.1,16.5,34.1,16.0,-1.0,partly-cloudy-day
2020-11-15,5317,0,1,4,14.3,70.4,6.351,100,0.0,64.0,32.3,88.1,15.5,-1.0,rain
2020-11-16,4825,0,0,4,12.5,32.4,0.0,0,0.0,51.8,28.2,3.0,16.0,-1.0,clear-day
2020-11-17,3935,0,0,4,8.1,44.9,0.0,0,0.0,64.1,35.7,48.7,16.0,-1.0,partly-cloudy-day
2020-11-18,3700,0,0,4,4.2,48.9,0.0,0,0.0,42.7,32.4,41.0,16.0,-1.0,partly-cloudy-day
2020-11-19,4013,0,0,4,5.9,58.5,0.0,0,0.0,43.8,28.7,51.5,16.0,-1.0,partly-cloudy-day
2020-11-20,5476,0,0,4,10.7,54.7,0.0,0,0.0,29.9,24.8,30.2,16.0,-1.0,partly-cloudy-day
2020-11-21,7261,0,1,4,12.7,70.7,0.0,0,0.0,20.2,12.4,78.2,16.0,-1.0,partly-cloudy-day
2020-11-22,5255,0,1,4,12.7,69.3,0.0,0,0.0,28.4,17.8,94.3,16.0,-1.0,cloudy
2020-11-23,3586,0,0,4,11.0,60.9,0.567,100,0.0,65.6,40.1,67.8,15.4,-1.0,rain
2020-11-24,3970,0,0,4,7.7,50.6,0.0,0,0.0,25.2,15.7,60.3,16.0,-1.0,partly-cloudy-day
2020-11-25,3778,0,0,4,10.1,69.1,0.0,0,0.0,40.4,28.5,87.4,16.0,-1.0,partly-cloudy-day
2020-11-26,3841,1,0,4,15.0,79.2,1.252,100,0.0,50.4,20.0,67.6,15.8,-1.0,rain
2020-11-27,5166,0,0,4,13.5,69.6,0.0,0,0.0,13.7,9.0,97.7,16.0,-1.0,cloudy
2020-11-28,6332,0,1,4,11.4,61.5,0.0,0,0.0,47.9,24.3,33.6,15.9,-1.0,partly-cloudy-day
2020-11-29,5155,0,1,4,8.8,59.5,0.0,0,0.0,22.3,16.1,37.2,16.0,-1.0,partly-cloudy-day
2020-11-30,1990,0,0,4,13.9,84.4,61.603,100,0.0,75.6,21.1,98.3,12.3,-1.0,rain
2020-12-01,3035,0,0,1,7.0,54.5,0.557,100,0.0,47.9,28.9,90.4,16.0,-1.0,rain
2020-12-02,3234,0,0,1,5.7,45.3,0.0,0,0.0,59.9,38.0,44.9,16.0,-1.0,partly-cloudy-day
2020-12-03,3787,0,0,1,6.3,53.5,0.0,0,0.0,22.0,14.8,56.6,16.0,-1.0,partly-cloudy-day
2020-12-04,3214,0,0,1,9.6,59.7,7.285,100,0.0,38.5,16.4,95.7,15.1,-1.0,rain
2020-12-05,4249,0,1,1,8.0,67.0,25.133,100,0.0,63.4,43.3,94.0,14.1,-1.0,rain
2020-12-06,3812,0,1,1,4.9,51.4,0.0,0,0.0,77.8,28.9,54.3,16.0,-1.0,partly-cloudy-day
2020-12-07,2755,0,0,1,2.3,57.8,0.0,0,0.0,37.1,22.1,69.4,16.0,-1.0,partly-cloudy-day
2020-12-08,2989,0,0,1,3.4,49.0,0.0,0,0.0,50.8,36.3,14.6,16.0,-1.0,clear-day
2020-12-09,2964,0,0,1,2.6,61.4,0.0,0,0.0,24.8,16.0,59.2,16.0,-1.0,partly-cloudy-day
2020-12-10,3534,0,0,1,4.6,74.2,0.0,0,0.0,24.5,15.9,6.9,14.4,-1.0,clear-day
2020-12-11,4564,0,0,1,8.2,73.8,0.0,0,0.0,33.3,21.8,39.9,14.3,-1.0,partly-cloudy-day
2020-12-12,6837,0,1,1,10.4,79.5,0.0,0,0.0,40.7,25.1,73.0,13.4,-1.0,partly-cloudy-day
2020-12-13,5893,0,1,1,12.3,68.5,0.0,0,0.0,33.5,21.6,65.9,16.0,-1.0,partly-cloudy-day
2020-12-14,1423,0,0,1,5.6,76.0,26.826,100,0.0,46.9,32.4,93.7,13.4,-1.0,rain
2020-12-15,3655,0,0,1,2.6,53.5,0.0,0,0.0,29.9,23.4,61.3,16.0,-1.0,partly-cloudy-day
2020-12-16,1027,0,0,1,0.8,79.2,27.936,100,0.2,52.8,34.3,96.4,11.0,-1.0,snow
2020-12-17,2404,0,0,1,0.9,74.7,0.453,100,0.3,52.6,27.0,46.1,15.8,-1.0,snow
2020-12-18,2823,0,0,1,1.7,71.6,0.0,0,0.0,33.5,15.4,92.9,15.6,-1.0,cloudy
2020-12-19,3196,0,1,1,0.3,72.2,0.0,0,0.0,16.2,14.8,79.8,16.0,-1.0,partly-cloudy-day
2020-12-20,2890,0,1,1,4.3,79.7,0.0,0,0.0,33.5,22.0,92.2,16.0,-1.0,cloudy
2020-12-21,3026,0,0,1,5.6,85.0,0.746,100,0.0,25.2,16.3,92.0,13.1,-1.0,rain
2020-12-22,2876,0,0,1,7.1,63.9,0.267,100,0.0,64.1,39.6,64.0,15.8,-1.0,rain
2020-12-23,2959,0,0,1,4.6,69.3,0.0,0,0.0,33.1,23.8,61.1,16.0,-1.0,partly-cloudy-day
2020-12-24,1049,0,0,1,11.7,83.7,24.976,100,0.0,76.3,32.8,98.3,13.8,-1.0,rain
2020-12-25,927,1,0,1,2.1,64.6,12.67,100,0.0,58.3,28.9,90.9,15.5,-1.0,rain
2020-12-26,1546,0,1,1,-1.5,45.7,0.0,0,0.0,36.0,20.4,58.3,16.0,-1.0,partly-cloudy-day
2020-12-27,2323,0,1,1,1.0,60.6,0.0,0,0.0,23.0,17.2,68.3,16.0,-1.0,partly-cloudy-day
2020-12-28,3203,0,0,1,6.1,65.0,0.0,0,0.0,34.9,19.5,67.4,16.0,-1.0,partly-cloudy-day
2020-12-29,2725,0,0,1,3.8,46.1,0.0,0,0.0,52.9,32.7,27.0,16.0,-1.0,partly-cloudy-day
2020-12-30,2891,0,0,1,3.8,52.8,0.0,0,0.0,44.5,29.0,80.6,16.0,-1.0,partly-cloudy-day
2020-12-31,2963,0,0,1,8.6,71.0,0.0,0,0.0,47.6,28.8,94.1,16.0,-1.0,cloudy
2021-01-01,839,1,0,1,3.1,75.8,20.579,100,0.0,36.4,26.1,99.9,13.4,-1.0,rain
2021-01-02,5308,0,1,1,7.2,81.2,0.022,100,0.0,47.5,22.5,89.8,13.5,-1.0,rain
2021-01-03,1391,0,1,1,4.7,87.7,7.072,100,0.0,27.4,18.2,98.4,13.7,-1.0,rain
2021-01-04,2653,0,0,1,4.7,78.8,0.0,0,0.0,28.4,15.7,81.0,15.5,-1.0,partly-cloudy-day
2021-01-05,2693,0,0,1,5.0,79.3,0.713,100,0.0,19.1,19.8,99.5,15.7,-1.0,rain
2021-01-06,2785,0,0,1,4.7,63.4,0.0,0,0.0,49.7,33.9,99.4,16.0,-1.0,cloudy
2021-01-07,2994,0,0,1,4.2,58.8,0.0,0,0.0,51.2,31.1,47.6,16.0,-1.0,partly-cloudy-day
2021-01-08,2646,0,0,1,1.9,63.4,0.0,0,0.0,24.1,21.6,88.0,16.0,-1.0,partly-cloudy-day
2021-01-09,3682,0,1,1,3.5,45.0,0.0,0,0.0,52.1,32.5,51.5,16.0,-1.0,partly-cloudy-day
2021-01-10,3666,0,1,1,4.8,50.4,0.0,0,0.0,44.3,22.2,22.2,15.9,-1.0,partly-cloudy-day
2021-01-11,2577,0,0,1,2.4,71.5,0.0,0,0.0,19.1,12.7,78.7,15.9,-1.0,partly-cloudy-day
2021-01-12,3248,0,0,1,2.9,71.6,0.0,0,0.0,24.5,14.1,27.4,15.1,-1.0,partly-cloudy-day
2021-01-13,3465,0,0,1,3.9,71.2,0.0,0,0.0,23.0,15.8,38.6,15.7,-1.0,partly-cloudy-day
2021-01-14,3360,0,0,1,5.4,67.1,0.0,0,0.0,22.7,19.6,48.4,14.3,-1.0,partly-cloudy-day
2021-01-15,2952,0,0,1,6.3,77.0,4.271,100,0.0,41.0,23.2,91.5,14.5,-1.0,rain
2021-01-16,4272,0,1,1,5.7,65.3,0.0,0,0.0,50.0,22.7,60.9,15.8,-1.0,partly-cloudy-day
2021-01-17,3424,0,1,1,4.6,57.1,0.0,0,0.0,42.8,21.4,81.1,16.0,-1.0,partly-cloudy-day
2021-01-18,3129,1,0,1,4.4,53.7,0.0,0,0.0,49.5,27.9,74.4,16.0,-1.0,partly-cloudy-day
2021-01-19,3018,0,0,1,5.1,45.2,0.0,0,0.0,49.2,26.0,60.9,16.0,-1.0,partly-cloudy-day
2021-01-20,2321,0,0,1,3.8,51.5,0.0,0,0.0,76.2,43.7,72.3,16.0,-1.0,partly-cloudy-day
2021-01-21,3149,0,0,1,4.3,54.0,0.0,0,0.0,28.4,21.6,35.5,16.0,-1.0,partly-cloudy-day
2021-01-22,3644,0,0,1,5.1,51.2,0.0,0,0.0,50.0,30.9,28.1,15.9,-1.0,partly-cloudy-day
2021-01-23,3200,0,1,1,0.6,39.3,0.0,0,0.0,58.1,35.0,38.6,15.7,-1.0,partly-cloudy-day
2021-01-24,3053,0,1,1,-0.2,45.4,0.0,0,0.0,28.8,18.4,82.0,16.0,-1.0,partly-cloudy-day
2021-01-25,2142,0,0,1,2.2,61.8,4.369,100,0.0,20.9,16.0,99.3,14.2,-1.0,rain
2021-01-26,1781,0,0,1,1.6,93.4,1.999,100,3.1,26.3,15.6,100.0,5.7,-1.0,snow
2021-01-27,3151,0,0,1,4.1,71.2,0.0,0,0.0,40.7,27.0,94.4,14.0,-1.0,cloudy
2021-01-28,2336,0,0,1,0.4,45.8,0.022,100,0.0,68.6,43.7,61.3,16.0,-1.0,rain
2021-01-29,2569,0,0,1,-1.8,41.2,0.0,0,0.0,60.7,39.9,70.2,16.0,-1.0,partly-cloudy-day
2021-01-30,3623,0,1,1,-0.5,45.2,0.0,0,0.8,29.5,21.4,52.8,16.0,-1.0,partly-cloudy-day
2021-01-31,892,0,1,1,-0.3,83.7,10.879,100,3.0,39.2,23.6,98.4,5.7,-1.0,snow
2021-02-01,847,0,0,1,-0.3,88.2,4.385,100,2.3,55.4,30.5,99.7,9.1,-1.0,snow
2021-02-02,1304,0,0,1,1.2,75.2,3.951,100,0.6,71.0,35.5,99.8,10.5,-1.0,snow
2021-02-03,2221,0,0,1,2.5,58.3,0.0,0,0.0,57.9,36.0,76.1,16.0,-1.0,partly-cloudy-day
2021-02-04,2826,0,0,1,3.6,39.2,0.0,0,0.0,46.0,26.5,38.3,16.0,-1.0,partly-cloudy-day
2021-02-05,3746,0,0,1,7.6,51.4,1.672,100,0.0,49.7,26.6,71.1,16.0,-1.0,rain
2021-02-06,4897,0,1,1,5.8,47.3,0.0,0,0.0,41.8,25.6,85.6,16.0,-1.0,partly-cloudy-day
2021-02-07,2012,0,1,1,3.3,70.5,12.488,100,2.2,42.1,24.7,78.4,13.5,-1.0,snow
2021-02-08,2501,0,0,1,-0.6,46.6,0.11,100,0.0,27.4,22.6,25.0,16.0,-1.0,rain
2021-02-09,3207,0,0,1,4.0,64.8,0.0,0,0.0,25.2,22.8,88.0,16.0,-1.0,partly-cloudy-day
2021-02-10,2074,0,0,1,2.8,71.3,4.158,100,0.0,24.5,15.3,90.6,13.0,-1.0,rain
2021-02-11,1972,0,0,1,1.3,85.9,5.392,100,7.2,29.2,21.2,99.2,9.7,-1.0,snow
2021-02-12,2663,0,0,1,-0.8,65.5,0.0,0,0.0,24.5,21.3,99.2,15.4,-1.0,cloudy
2021-02-13,767,0,1,1,-1.1,75.8,10.642,100,0.0,27.4,21.2,99.8,12.1,-1.0,snow
2021-02-14,2150,0,1,1,0.8,84.1,0.0,0,0.0,22.7,17.4,99.6,10.9,-1.0,cloudy
2021-02-15,2445,1,0,1,2.9,78.9,5.948,100,0.0,44.3,21.3,99.6,12.0,-1.0,rain
2021-02-16,2541,0,0,1,3.3,79.1,18.7,100,0.0,54.8,33.8,93.1,13.8,-1.0,rain
2021-02-17,1652,0,0,1,-0.8,46.0,0.0,0,0.2,39.1,25.3,72.3,16.0,-1.0,partly-cloudy-day
2021-02-18,629,0,0,1,-1.3,80.0,10.552,100,0.2,33.5,23.5,98.8,9.5,-1.0,snow
2021-02-19,1812,0,0,1,1.1,80.1,1.341,100,1.4,46.1,33.0,96.6,12.1,-1.0,snow
2021-02-20,2406,0,1,1,-1.3,46.8,0.0,0,0.0,54.9,33.4,67.5,16.0,-1.0,partly-cloudy-day
2021-02-21,2657,0,1,1,-0.3,47.3,0.0,0,0.0,30.2,20.0,49.2,16.0,-1.0,partly-cloudy-day
2021-02-22,1374,0,0,1,1.3,80.1,10.542,100,1.0,60.1,23.6,85.3,13.0,-1.0,snow
2021-02-23,3024,0,0,1,6.2,68.5,0.17,100,0.0,61.4,34.5,55.6,13.1,-1.0,rain
2021-02-24,4734,0,0,1,8.5,57.3,0.0,0,0.0,41.8,27.3,43.7,16.0,-1.0,partly-cloudy-day
2021-02-25,3777,0,0,1,9.9,41.4,0.0,0,0.0,61.6,40.4,15.9,16.0,-1.0,clear-day
2021-02-26,3399,0,0,1,6.3,55.3,3.732,100,0.0,35.7,23.0,86.0,15.3,-1.0,rain
2021-02-27,4600,0,1,1,6.5,86.7,6.189,100,0.7,34.2,17.2,93.2,12.7,-1.0,snow
2021-02-28,971,0,1,1,7.7,92.9,18.62,100,0.0,36.7,16.2,97.0,10.7,-1.0,rain
2021-03-01,2222,0,0,2,8.2,72.8,9.812,100,0.0,59.4,35.0,85.2,12.1,-1.0,rain
2021-03-02,3139,0,0,2,3.2,39.4,0.0,0,0.0,62.2,33.1,28.2,16.0,-1.0,partly-cloudy-day
2021-03-03,4433,0,0,2,7.1,46.6,0.0,0,0.0,38.4,27.2,14.3,16.0,-1.0,clear-day
2021-03-04,3440,0,0,2,7.7,46.6,0.0,0,0.0,60.0,34.6,32.2,16.0,-1.0,partly-cloudy-day
2021-03-05,3214,0,0,2,1.9,36.8,0.0,0,0.0,54.6,33.5,5.1,16.0,-1.0,clear-day
2021-03-06,4693,0,1,2,3.8,39.9,0.0,0,0.0,50.0,24.2,36.9,16.0,-1.0,partly-cloudy-day
2021-03-07,3901,0,1,2,3.3,40.3,0.0,0,0.0,44.0,27.5,4.1,16.0,-1.0,clear-day
2021-03-08,3354,0,0,2,5.3,41.3,0.0,0,0.0,29.5,22.0,42.3,16.0,-1.0,partly-cloudy-day
2021-03-09,4980,0,0,2,11.5,43.8,0.0,0,0.0,35.3,19.8,67.4,16.0,-1.0,partly-cloudy-day
2021-03-10,5743,0,0,2,13.5,47.9,0.0,0,0.0,25.2,18.1,57.1,15.9,-1.0,partly-cloudy-day
2021-03-11,6446,0,0,2,17.6,38.8,0.0,0,0.0,49.3,28.0,69.3,16.0,-1.0,partly-cloudy-day
2021-03-12,5750,0,0,2,17.1,49.2,0.0,0,0.0,50.0,22.4,78.6,16.0,-1.0,partly-cloudy-day
2021-03-13,7580,0,1,2,11.5,24.3,0.0,0,0.0,47.5,29.2,70.6,16.0,-1.0,partly-cloudy-day
2021-03-14,6290,0,1,2,12.4,24.4,0.0,0,0.0,86.7,58.5,40.8,16.0,-1.0,wind
2021-03-15,3258,0,0,2,5.0,25.2,0.0,0,0.0,55.2,36.2,65.4,16.0,-1.0,partly-cloudy-day
2021-03-16,3063,0,0,2,5.7,62.5,0.0,0,0.0,35.3,19.8,99.7,15.8,-1.0,cloudy
2021-03-17,4099,0,0,2,7.9,81.0,0.0,0,0.0,20.5,10.6,99.6,13.1,-1.0,cloudy
2021-03-18,1719,0,0,2,9.8,93.5,9.687,100,0.0,51.1,30.8,100.0,10.7,-1.0,rain
2021-03-19,4317,0,0,2,7.5,47.6,0.033,100,0.0,56.5,39.0,54.9,16.0,-1.0,rain
2021-03-20,7626,0,1,2,7.2,34.6,0.0,0,0.0,20.9,24.0,14.2,16.0,-1.0,clear-day
2021-03-21,7486,0,1,2,9.7,46.7,0.0,0,0.0,23.4,15.7,24.5,16.0,-1.0,partly-cloudy-day
2021-03-22,4952,0,0,2,11.1,50.3,0.0,0,0.0,25.2,14.4,5.0,16.0,-1.0,clear-day
2021-03-23,5299,0,0,2,13.5,61.7,0.0,0,0.0,29.5,19.7,72.4,16.0,-1.0,partly-cloudy-day
2021-03-24,1737,0,0,2,13.6,92.3,40.985,100,0.0,34.2,14.4,99.9,10.2,-1.0,rain
2021-03-25,4885,0,0,2,15.2,90.9,0.0,0,0.0,29.9,12.8,95.4,10.7,-1.0,cloudy
2021-03-26,7874,0,0,2,21.7,57.9,0.0,0,0.0,73.5,39.9,52.2,16.0,-1.0,partly-cloudy-day
2021-03-27,12584,0,1,2,16.3,56.2,0.0,0,0.0,35.3,23.2,49.7,16.0,-1.0,partly-cloudy-day
2021-03-28,3670,0,1,2,15.8,75.1,13.156,100,0.0,66.6,36.8,93.2,14.4,-1.0,rain
2021-03-29,6249,0,0,2,10.7,38.9,0.0,0,0.0,73.2,43.3,21.4,15.7,-1.0,partly-cloudy-day
2021-03-30,8920,0,0,2,13.4,52.4,0.0,0,0.0,40.2,25.4,25.4,16.0,-1.0,partly-cloudy-day
2021-03-31,3038,0,0,2,15.9,84.5,21.267,100,0.0,57.2,31.2,92.5,13.6,-1.0,rain
2021-04-01,4005,0,0,2,7.3,64.7,7.763,100,0.0,65.9,47.0,83.5,15.4,-1.0,rain
2021-04-02,4852,0,0,2,3.5,38.3,0.0,0,0.0,58.6,37.9,40.9,16.0,-1.0,partly-cloudy-day
2021-04-03,10213,0,1,2,6.9,32.8,0.0,0,0.0,27.7,19.4,32.3,16.0,-1.0,partly-cloudy-day
2021-04-04,10745,0,1,2,14.5,35.0,0.0,0,0.0,47.5,27.1,49.9,16.0,-1.0,partly-cloudy-day
2021-04-05,7045,0,0,2,15.8,38.2,0.0,0,0.0,37.1,21.1,42.7,16.0,-1.0,partly-cloudy-day
2021-04-06,7245,0,0,2,17.7,42.9,0.0,0,0.0,19.8,19.1,46.9,16.0,-1.0,partly-cloudy-day
2021-04-07,7197,0,0,2,18.7,51.3,0.0,0,0.0,25.2,17.6,47.2,16.0,-1.0,partly-cloudy-day
2021-04-08,7053,0,0,2,16.9,50.2,0.0,0,0.0,39.6,27.2,68.5,16.0,-1.0,partly-cloudy-day
2021-04-09,5193,0,0,2,14.0,83.7,14.765,100,0.0,33.8,19.1,99.7,15.0,-1.0,rain
2021-04-10,10611,0,1,2,16.5,79.5,0.0,0,0.0,23.0,17.5,93.8,13.0,-1.0,cloudy
2021-04-11,8860,0,1,2,20.4,67.4,3.924,100,0.0,50.0,28.1,79.4,15.7,-1.0,rain
2021-04-12,4473,0,0,2,14.4,76.9,1.958,100,0.0,41.8,17.8,93.1,15.9,-1.0,rain
2021-04-13,5803,0,0,2,13.9,71.5,0.022,100,0.0,31.3,16.9,84.5,15.9,-1.0,rain
2021-04-14,2722,0,0,2,13.8,83.5,7.541,100,0.0,30.6,17.7,75.1,14.4,-1.0,rain
2021-04-15,6286,0,0,2,14.4,61.0,0.3,100,0.0,57.7,32.7,76.4,15.9,-1.0,rain
2021-04-16,5712,0,0,2,11.0,46.6,0.0,0,0.0,55.3,31.8,47.1,16.0,-1.0,partly-cloudy-day
2021-04-17,8598,0,1,2,11.7,55.6,0.0,0,0.0,33.8,20.4,59.0,16.0,-1.0,partly-cloudy-day
2021-04-18,8126,0,1,2,13.8,50.8,0.0,0,0.0,29.5,18.0,69.2,16.0,-1.0,partly-cloudy-day
2021-04-19,4919,0,0,2,13.1,71.5,0.314,100,0.0,24.5,17.3,66.0,15.9,-1.0,rain
2021-04-20,7185,0,0,2,16.3,59.4,0.0,0,0.0,46.9,26.1,22.1,15.9,-1.0,partly-cloudy-day
2021-04-21,4479,0,0,2,13.5,47.4,0.152,100,0.0,74.9,50.9,48.8,16.0,-1.0,rain
2021-04-22,4035,0,0,2,7.2,38.2,0.0,0,0.0,56.1,34.4,66.8,16.0,-1.0,partly-cloudy-day
2021-04-23,6642,0,0,2,11.2,41.7,0.0,0,0.0,47.6,23.6,36.6,16.0,-1.0,partly-cloudy-day
2021-04-24,7156,0,1,2,12.3,56.6,6.574,100,0.0,50.0,21.0,65.6,15.1,-1.0,rain
2021-04-25,6504,0,1,2,13.9,68.5,15.635,100,0.0,49.6,36.8,90.9,12.6,-1.0,rain
2021-04-26,5603,0,0,2,13.8,38.7,0.0,0,0.0,42.5,27.0,28.8,16.0,-1.0,partly-cloudy-day
2021-04-27,7120,0,0,2,18.8,52.9,0.0,0,0.0,40.7,30.6,67.0,16.0,-1.0,partly-cloudy-day
2021-04-28,6517,0,0,2,22.9,58.9,0.0,0,0.0,38.9,22.7,82.6,15.9,-1.0,partly-cloudy-day
2021-04-29,5881,0,0,2,24.3,62.5,0.0,0,0.0,55.8,30.1,89.7,16.0,-1.0,partly-cloudy-day
2021-04-30,5624,0,0,2,18.2,45.3,0.403,100,0.0,86.4,49.7,57.5,15.7,-1.0,rain
2021-05-01,9605,0,1,2,14.1,29.8,0.0,0,0.0,67.7,35.5,20.5,16.0,-1.0,partly-cloudy-day
2021-05-02,8885,0,1,2,20.2,44.5,0.0,0,0.0,45.8,30.7,64.1,15.9,-1.0,partly-cloudy-day
2021-05-03,4809,0,0,2,21.1,70.3,0.534,100,0.0,42.5,25.4,92.9,15.8,-1.0,rain
2021-05-04,5238,0,0,2,22.2,78.7,13.188,100,0.0,72.9,21.2,66.9,15.8,-1.0,rain
2021-05-05,5797,0,0,2,19.6,75.7,1.484,100,0.0,61.9,37.8,72.0,15.1,-1.0,rain
2021-05-06,7152,0,0,2,14.4,45.9,0.0,0,0.0,47.8,28.7,45.5,16.0,-1.0,partly-cloudy-day
2021-05-07,4967,0,0,2,12.9,68.2,2.664,100,0.0,50.0,19.6,86.8,15.8,-1.0,rain
2021-05-08,7724,0,1,2,11.5,61.7,1.038,100,0.0,57.6,33.9,65.9,15.9,-1.0,rain
2021-05-09,6572,0,1,2,14.1,58.0,0.0,0,0.0,42.2,26.4,84.1,16.0,-1.0,partly-cloudy-day
2021-05-10,6233,0,0,2,16.4,52.1,0.0,0,0.0,48.8,31.4,59.9,16.0,-1.0,partly-cloudy-day
2021-05-11,6852,0,0,2,15.9,41.8,0.0,0,0.0,38.5,23.6,71.8,15.8,-1.0,partly-cloudy-day
2021-05-12,7009,0,0,2,14.3,39.7,0.0,0,0.0,35.3,23.8,79.1,16.0,-1.0,partly-cloudy-day
2021-05-13,7765,0,0,2,16.2,41.6,0.0,0,0.0,31.7,19.3,40.4,16.0,-1.0,partly-cloudy-day
2021-05-14,8301,0,0,2,16.8,44.0,0.0,0,0.0,20.2,14.3,58.1,16.0,-1.0,partly-cloudy-day
2021-05-15,11955,0,1,2,18.2,44.7,0.0,0,0.0,16.9,15.6,52.3,16.0,-1.0,partly-cloudy-day
2021-05-16,7973,0,1,2,16.4,59.5,0.0,0,0.0,40.7,17.6,86.6,16.0,-1.0,partly-cloudy-day
2021-05-17,7239,0,0,2,18.1,59.3,0.0,0,0.0,23.4,12.1,70.6,16.0,-1.0,partly-cloudy-day
2021-05-18,8007,0,0,2,19.6,54.7,0.0,0,0.0,19.8,17.6,44.1,15.9,-1.0,partly-cloudy-day
2021-05-19,8235,0,0,2,22.0,51.6,0.0,0,0.0,20.5,19.3,24.5,15.5,-1.0,partly-cloudy-day
2021-05-20,7925,0,0,2,23.5,52.8,0.0,0,0.0,37.1,24.8,43.3,16.0,-1.0,partly-cloudy-day
2021-05-21,9470,0,0,2,21.6,47.8,0.0,0,0.0,19.4,17.7,51.1,16.0,-1.0,partly-cloudy-day
2021-05-22,11412,0,1,2,24.9,48.1,0.0,0,0.0,37.1,23.4,83.0,16.0,-1.0,partly-cloudy-day
2021-05-23,9203,0,1,2,28.9,41.1,0.0,0,0.0,48.6,30.6,58.8,16.0,-1.0,partly-cloudy-day
2021-05-24,3576,0,0,2,20.2,69.3,8.802,100,0.0,35.3,25.0,96.7,14.4,-1.0,rain
2021-05-25,7994,0,0,2,19.4,72.9,0.0,0,0.0,29.5,17.6,86.9,16.0,-1.0,partly-cloudy-day
2021-05-26,6331,0,0,2,24.6,75.1,22.213,100,0.0,63.0,26.2,71.5,15.6,-1.0,rain
2021-05-27,7948,0,0,2,25.0,56.6,0.0,0,0.0,33.8,26.6,59.1,15.9,-1.0,partly-cloudy-day
2021-05-28,6103,0,0,2,21.3,66.6,17.396,100,0.0,44.3,22.7,89.0,15.5,-1.0,rain
2021-05-29,3152,0,1,2,12.4,86.9,23.886,100,0.0,44.5,26.7,99.9,11.1,-1.0,rain
2021-05-30,6464,0,1,2,11.8,77.8,4.363,100,0.0,35.3,25.8,97.9,15.4,-1.0,rain
2021-05-31,10530,1,0,2,17.0,60.2,0.0,0,0.0,34.2,22.2,43.5,16.0,-1.0,partly-cloudy-day
2021-06-01,7170,0,0,3,19.8,68.2,0.0,0,0.0,27.7,23.5,75.6,15.9,-1.0,partly-cloudy-day
2021-06-02,7714,0,0,3,21.9,64.2,0.0,0,0.0,35.3,22.4,89.6,16.0,-1.0,partly-cloudy-day
2021-06-03,6386,0,0,3,22.6,79.9,2.89,100,0.0,35.6,29.0,94.0,14.5,-1.0,rain
2021-06-04,8497,0,0,3,23.8,75.9,2.284,100,0.0,38.9,19.9,77.0,16.0,-1.0,rain
2021-06-05,10751,0,1,3,26.5,63.1,0.0,0,0.0,37.1,23.8,29.9,15.9,-1.0,partly-cloudy-day
2021-06-06,8324,0,1,3,27.3,64.7,0.0,0,0.0,20.2,20.0,45.3,16.0,-1.0,partly-cloudy-day
2021-06-07,6826,0,0,3,27.9,70.5,0.0,0,0.0,28.1,21.4,70.9,16.0,-1.0,partly-cloudy-day
2021-06-08,7196,0,0,3,27.5,71.5,0.362,100,0.0,25.2,21.1,81.3,15.9,-1.0,rain
2021-06-09,7454,0,0,3,27.5,67.4,0.0,0,0.0,20.9,19.4,82.7,16.0,-1.0,partly-cloudy-day
2021-06-10,4876,0,0,3,25.4,76.0,23.703,100,0.0,27.7,22.5,88.4,14.6,-1.0,rain
2021-06-11,3752,0,0,3,20.5,91.0,44.222,100,0.0,38.2,23.9,100.0,10.7,-1.0,rain
2021-06-12,11896,0,1,3,21.6,72.6,0.0,0,0.0,35.3,21.2,89.6,15.9,-1.0,partly-cloudy-day
2021-06-13,9393,0,1,3,23.4,71.6,0.0,0,0.0,26.6,19.8,83.5,16.0,-1.0,partly-cloudy-day
2021-06-14,7521,0,0,3,25.0,66.2,3.639,100,0.0,62.1,31.1,67.9,15.6,-1.0,rain
2021-06-15,8625,0,0,3,23.1,63.5,40.021,100,0.0,47.9,30.4,58.7,15.4,-1.0,rain
2021-06-16,8997,0,0,3,22.8,42.9,0.0,0,0.0,36.9,22.0,48.1,16.0,-1.0,partly-cloudy-day
2021-06-17,9350,0,0,3,21.8,37.1,0.0,0,0.0,31.7,19.1,40.5,16.0,-1.0,partly-cloudy-day
2021-06-18,10793,1,0,3,23.1,52.7,0.0,0,0.0,35.3,23.5,42.4,16.0,-1.0,partly-cloudy-day
2021-06-19,11253,0,1,3,26.1,61.6,0.0,0,0.0,37.5,22.3,86.6,16.0,-1.0,partly-cloudy-day
2021-06-20,9376,0,1,3,26.9,73.0,4.034,100,0.0,31.3,23.7,79.6,15.0,-1.0,rain
2021-06-21,6733,0,0,3,26.9,75.3,1.289,100,0.0,50.6,23.5,80.1,16.0,-1.0,rain
2021-06-22,5972,0,0,3,21.2,77.9,8.386,100,0.0,35.3,20.6,82.5,15.0,-1.0,rain
2021-06-23,9821,0,0,3,19.5,50.5,0.0,0,0.0,21.2,19.9,34.4,16.0,-1.0,partly-cloudy-day
2021-06-24,9722,0,0,3,21.3,53.0,0.0,0,0.0,29.9,15.6,40.3,16.0,-1.0,partly-cloudy-day
2021-06-25,9690,0,0,3,22.1,65.2,0.0,0,0.0,28.4,19.8,56.3,15.9,-1.0,partly-cloudy-day
2021-06-26,11005,0,1,3,25.7,76.3,3.269,100,0.0,38.5,23.8,89.6,15.6,-1.0,rain
2021-06-27,9111,0,1,3,27.2,72.7,0.0,0,0.0,44.0,28.6,77.7,16.0,-1.0,partly-cloudy-day
2021-06-28,7464,0,0,3,28.3,69.4,0.0,0,0.0,33.5,21.9,30.7,15.9,-1.0,partly-cloudy-day
2021-06-29,7834,0,0,3,28.9,68.8,0.0,0,0.0,33.5,24.7,38.5,16.0,-1.0,partly-cloudy-day
2021-06-30,7344,0,0,3,29.4,61.3,0.724,100,0.0,53.6,23.9,41.5,16.0,-1.0,rain
2021-07-01,6502,0,0,3,26.2,74.2,29.964,100,0.0,92.1,14.2,79.1,16.0,-1.0,rain
2021-07-02,9191,0,0,3,23.7,68.6,2.979,100,0.0,44.6,26.6,81.2,16.0,-1.0,rain
2021-07-03,12200,0,1,3,22.2,57.5,0.225,100,0.0,52.5,25.0,70.3,16.0,-1.0,rain
2021-07-04,15905,0,1,3,24.1,61.4,0.0,0,0.0,22.3,17.6,58.5,15.9,-1.0,partly-cloudy-day
2021-07-05,10440,1,0,3,26.4,65.3,0.0,0,0.0,25.2,22.0,68.1,14.7,-1.0,partly-cloudy-day
2021-07-06,8031,0,0,3,28.4,66.3,0.0,0,0.0,44.0,24.9,35.9,16.0,-1.0,partly-cloudy-day
2021-07-07,7977,0,0,3,29.3,64.6,0.0,0,0.0,27.0,24.7,46.6,14.7,-1.0,partly-cloudy-day
2021-07-08,6462,0,0,3,26.5,72.7,5.819,100,0.0,51.8,28.6,88.4,15.9,-1.0,rain
2021-07-09,7714,0,0,3,25.2,78.2,21.001,100,0.0,48.2,27.2,69.7,15.3,-1.0,rain
2021-07-10,12593,0,1,3,24.8,62.6,0.0,0,0.0,33.5,23.4,80.1,15.9,-1.0,partly-cloudy-day
2021-07-11,9951,0,1,3,27.7,67.6,0.0,0,0.0,38.9,24.7,80.0,16.0,-1.0,partly-cloudy-day
2021-07-12,7917,0,0,3,28.9,71.6,0.0,0,0.0,30.2,26.7,65.8,16.0,-1.0,partly-cloudy-day
2021-07-13,8435,0,0,3,29.5,66.1,0.0,0,0.0,41.3,30.3,61.4,16.0,-1.0,partly-cloudy-day
2021-07-14,8226,0,0,3,27.6,67.9,0.13,100,0.0,30.2,18.1,65.2,15.7,-1.0,rain
2021-07-15,9209,0,0,3,27.6,69.1,0.0,0,0.0,27.4,21.4,68.1,16.0,-1.0,partly-cloudy-day
2021-07-16,9550,0,0,3,29.7,59.1,0.0,0,0.0,23.4,24.6,52.1,16.0,-1.0,partly-cloudy-day
2021-07-17,10356,0,1,3,29.2,66.9,0.073,100,0.0,45.6,32.2,66.4,16.0,-1.0,rain
2021-07-18,10695,0,1,3,25.6,60.0,0.0,0,0.0,46.2,27.5,73.0,15.9,-1.0,partly-cloudy-day
2021-07-19,8473,0,0,3,26.6,58.1,0.0,0,0.0,20.9,16.3,73.2,16.0,-1.0,partly-cloudy-day
2021-07-20,8843,0,0,3,28.0,57.6,0.0,0,0.0,22.3,17.3,13.6,15.2,-1.0,clear-day
2021-07-21,8814,0,0,3,27.3,60.0,10.329,100,0.0,81.4,30.7,41.6,14.2,-1.0,rain
2021-07-22,9235,0,0,3,24.6,48.3,0.0,0,0.0,31.7,22.2,62.0,16.0,-1.0,partly-cloudy-day
2021-07-23,10015,0,0,3,24.7,48.6,0.0,0,0.0,27.0,15.8,64.9,16.0,-1.0,partly-cloudy-day
2021-07-24,11117,0,1,3,25.2,58.7,0.381,100,0.0,37.1,25.0,80.7,15.8,-1.0,rain
2021-07-25,9420,0,1,3,27.0,67.8,0.0,0,0.0,37.1,23.0,86.4,16.0,-1.0,partly-cloudy-day
2021-07-26,7253,0,0,3,28.1,67.0,6.899,100,0.0,52.0,21.9,75.2,15.6,-1.0,rain
2021-07-27,8189,0,0,3,28.2,62.0,1.705,100,0.0,23.0,17.4,40.6,15.9,-1.0,rain
2021-07-28,8494,0,0,3,28.4,56.0,10.235,100,0.0,31.7,19.9,40.4,15.9,-1.0,rain
2021-07-29,8334,0,0,3,26.2,77.1,5.173,100,0.0,37.1,22.6,85.4,15.8,-1.0,rain
2021-07-30,9393,0,0,3,28.1,56.3,0.0,0,0.0,41.4,24.1,54.3,15.9,-1.0,partly-cloudy-day
2021-07-31,11692,0,1,3,23.7,54.5,0.0,0,0.0,27.0,19.1,82.8,16.0,-1.0,partly-cloudy-day
2021-08-01,6717,0,1,3,23.6,79.0,10.614,100,0.0,40.7,21.3,92.2,15.1,-1.0,rain
2021-08-02,8976,0,0,3,23.3,59.6,0.0,0,0.0,33.5,21.5,38.5,16.0,-1.0,partly-cloudy-day
2021-08-03,9314,0,0,3,23.3,63.1,0.0,0,0.0,30.2,16.2,86.3,16.0,-1.0,partly-cloudy-day
2021-08-04,9416,0,0,3,23.5,62.0,0.0,0,0.0,38.9,20.9,60.3,16.0,-1.0,partly-cloudy-day
2021-08-05,9443,0,0,3,24.6,59.0,0.0,0,0.0,22.0,15.9,49.7,16.0,-1.0,partly-cloudy-day
2021-08-06,9403,0,0,3,26.4,61.4,0.0,0,0.0,35.3,23.2,70.0,16.0,-1.0,partly-cloudy-day
2021-08-07,7579,0,1,3,22.5,80.0,6.508,100,0.0,25.2,15.2,92.1,15.8,-1.0,rain
2021-08-08,10344,0,1,3,25.5,66.2,0.0,0,0.0,25.9,18.0,50.9,15.9,-1.0,partly-cloudy-day
2021-08-09,7249,0,0,3,26.7,74.7,0.24,100,0.0,37.1,25.2,72.6,15.9,-1.0,rain
2021-08-10,6424,0,0,3,27.6,74.0,15.389,100,0.0,72.0,37.4,54.2,15.9,-1.0,rain
2021-08-11,6694,0,0,3,27.4,74.7,1.751,100,0.0,55.4,20.2,62.5,16.0,-1.0,rain
2021-08-12,7802,0,0,3,28.8,71.0,0.0,0,0.0,27.0,24.8,40.4,15.9,-1.0,partly-cloudy-day
2021-08-13,6518,0,0,3,29.3,66.0,2.546,100,0.0,55.4,24.6,78.2,16.0,-1.0,rain
2021-08-14,9507,0,1,3,27.9,69.2,0.0,0,0.0,27.7,16.3,82.8,16.0,-1.0,partly-cloudy-day
2021-08-15,8934,0,1,3,25.2,67.6,62.589,100,0.0,51.8,20.7,92.0,15.0,-1.0,rain
2021-08-16,4822,0,0,3,24.9,79.2,17.733,100,0.0,35.3,16.0,97.2,15.3,-1.0,rain
2021-08-17,7417,0,0,3,26.6,79.9,15.803,100,0.0,59.0,16.2,89.6,15.5,-1.0,rain
2021-08-18,7569,0,0,3,28.0,79.9,8.27,100,0.0,49.6,32.2,82.5,15.9,-1.0,rain
2021-08-19,7914,0,0,3,28.2,68.7,0.576,100,0.0,35.6,20.8,76.9,16.0,-1.0,rain
2021-08-20,6831,0,0,3,25.2,76.7,53.842,100,0.0,27.4,21.2,91.8,13.6,-1.0,rain
2021-08-21,9735,0,1,3,26.6,71.4,2.657,100,0.0,22.0,15.3,83.8,16.0,-1.0,rain
2021-08-22,9089,0,1,3,25.7,74.8,2.291,100,0.0,68.4,14.0,68.5,15.9,-1.0,rain
2021-08-23,8014,0,0,3,28.5,63.5,0.018,100,0.0,36.9,26.6,66.2,15.8,-1.0,rain
2021-08-24,8364,0,0,3,28.7,64.2,0.493,100,0.0,21.2,23.1,47.2,15.9,-1.0,rain
2021-08-25,7970,0,0,3,28.3,71.1,1.095,100,0.0,31.7,15.7,43.2,15.8,-1.0,rain
2021-08-26,7403,0,0,3,26.8,76.1,13.103,100,0.0,43.1,24.1,80.7,14.4,-1.0,rain
2021-08-27,7873,0,0,3,27.0,78.3,7.416,100,0.0,51.1,21.0,56.7,14.6,-1.0,rain
2021-08-28,11184,0,1,3,27.7,74.4,0.029,100,0.0,31.7,22.6,56.5,14.6,-1.0,rain
2021-08-29,9087,0,1,3,25.4,76.7,0.022,100,0.0,20.5,17.3,88.9,15.7,-1.0,rain
2021-08-30,7975,0,0,3,27.0,74.7,0.036,100,0.0,33.5,25.3,63.1,14.7,-1.0,rain
2021-08-31,8468,0,0,3,26.7,72.3,0.009,100,0.0,20.2,14.0,79.1,15.5,-1.0,rain
2021-09-01,4891,0,0,4,24.9,83.7,29.85,100,0.0,64.8,38.9,93.1,14.9,-1.0,rain
2021-09-02,10319,0,0,4,21.7,54.6,2.536,100,0.0,51.8,26.9,25.7,16.0,-1.0,rain
2021-09-03,11081,0,0,4,20.7,57.5,0.0,0,0.0,24.8,16.0,19.1,15.6,-1.0,clear-day
2021-09-04,12085,0,1,4,21.3,67.5,0.0,0,0.0,27.7,15.9,53.8,16.0,-1.0,partly-cloudy-day
2021-09-05,9555,0,1,4,22.7,74.9,0.0,0,0.0,24.5,16.1,85.7,16.0,-1.0,partly-cloudy-day
2021-09-06,10744,1,0,4,25.2,59.5,0.655,100,0.0,37.1,25.0,59.5,15.9,-1.0,rain
2021-09-07,9025,0,0,4,23.8,64.3,0.0,0,0.0,31.7,24.4,32.1,16.0,-1.0,partly-cloudy-day
2021-09-08,9268,0,0,4,24.6,73.8,0.0,0,0.0,38.9,23.7,48.9,15.9,-1.0,partly-cloudy-day
2021-09-09,9022,0,0,4,22.7,72.5,6.208,100,0.0,37.1,22.8,87.5,15.3,-1.0,rain
2021-09-10,11031,0,0,4,21.0,54.3,0.0,0,0.0,49.0,27.1,30.0,16.0,-1.0,partly-cloudy-day
2021-09-11,12451,0,1,4,21.0,64.6,0.0,0,0.0,38.9,19.8,44.9,16.0,-1.0,partly-cloudy-day
2021-09-12,10721,0,1,4,23.4,68.4,0.0,0,0.0,40.7,28.6,21.3,16.0,-1.0,partly-cloudy-day
2021-09-13,8614,0,0,4,26.5,66.4,0.0,0,0.0,31.7,20.4,52.6,15.5,-1.0,partly-cloudy-day
2021-09-14,9299,0,0,4,26.6,73.0,0.0,0,0.0,27.0,16.1,70.3,14.3,-1.0,partly-cloudy-day
2021-09-15,9633,0,0,4,26.6,68.6,0.0,0,0.0,42.5,28.5,70.8,15.9,-1.0,partly-cloudy-day
2021-09-16,5974,0,0,4,24.3,76.9,19.421,100,0.0,47.9,15.8,92.5,15.3,-1.0,rain
2021-09-17,9397,0,0,4,24.2,82.8,0.358,100,0.0,28.1,17.3,87.5,15.0,-1.0,rain
2021-09-18,11945,0,1,4,24.4,81.4,0.0,0,0.0,24.1,12.6,59.6,14.7,-1.0,partly-cloudy-day
2021-09-19,10843,0,1,4,24.3,66.2,0.0,0,0.0,24.5,19.4,29.0,15.8,-1.0,partly-cloudy-day
2021-09-20,9302,0,0,4,22.0,66.5,0.0,0,0.0,30.2,19.9,65.0,16.0,-1.0,partly-cloudy-day
2021-09-21,9673,0,0,4,22.7,71.9,0.0,0,0.0,33.8,20.0,79.6,15.9,-1.0,partly-cloudy-day
2021-09-22,5725,0,0,4,24.0,84.4,9.055,100,0.0,66.6,32.5,91.7,15.6,-1.0,rain
2021-09-23,8029,0,0,4,21.2,72.9,30.834,100,0.0,50.4,33.3,89.6,13.6,-1.0,rain
2021-09-24,11250,0,0,4,18.4,56.8,0.0,0,0.0,35.3,23.0,21.1,16.0,-1.0,partly-cloudy-day
2021-09-25,13198,0,1,4,18.9,63.8,0.0,0,0.0,18.0,17.2,44.9,16.0,-1.0,partly-cloudy-day
2021-09-26,11002,0,1,4,20.0,50.9,0.0,0,0.0,41.3,28.8,30.5,16.0,-1.0,partly-cloudy-day
2021-09-27,8999,0,0,4,20.0,60.6,0.0,0,0.0,35.3,25.1,23.4,16.0,-1.0,partly-cloudy-day
2021-09-28,9083,0,0,4,22.5,63.9,0.0,0,0.0,45.0,19.5,53.6,16.0,-1.0,partly-cloudy-day
2021-09-29,9838,0,0,4,19.3,55.1,0.0,0,0.0,31.7,24.2,46.7,16.0,-1.0,partly-cloudy-day
2021-09-30,9974,0,0,4,18.2,59.2,0.0,0,0.0,29.5,21.0,24.7,16.0,-1.0,partly-cloudy-day
2021-10-01,11159,0,0,4,17.6,61.4,0.0,0,0.0,18.4,13.8,25.0,16.0,-1.0,partly-cloudy-day
2021-10-02,13841,0,1,4,19.1,75.5,0.0,0,0.0,25.6,17.3,53.1,16.0,-1.0,partly-cloudy-day
2021-10-03,11505,0,1,4,21.9,78.3,0.0,0,0.0,25.9,21.2,65.6,14.1,-1.0,partly-cloudy-day
2021-10-04,8659,0,0,4,23.8,73.4,0.0,0,0.0,34.6,17.6,84.6,16.0,-1.0,partly-cloudy-day
2021-10-05,8861,0,0,4,22.9,80.2,0.022,100,0.0,26.3,26.7,76.2,15.0,-1.0,rain
2021-10-06,8726,0,0,4,20.9,85.2,0.578,100,0.0,26.6,16.0,97.9,13.0,-1.0,rain
2021-10-07,10207,0,0,4,21.1,74.6,0.0,0,0.0,22.7,12.2,85.6,16.0,-1.0,partly-cloudy-day
2021-10-08,10644,0,0,4,21.6,73.1,0.0,0,0.0,19.8,12.6,84.8,15.9,-1.0,partly-cloudy-day
2021-10-09,12502,0,1,4,20.5,75.0,0.0,0,0.0,38.5,21.4,92.1,16.0,-1.0,cloudy
2021-10-10,10019,0,1,4,20.3,82.0,1.081,100,0.0,40.0,25.9,99.1,14.1,-1.0,rain
2021-10-11,8967,1,0,4,19.5,78.8,0.036,100,0.0,27.7,21.2,98.9,15.7,-1.0,rain
2021-10-12,8405,0,0,4,19.7,82.8,1.381,100,0.0,22.0,14.1,98.4,14.2,-1.0,rain
2021-10-13,10238,0,0,4,20.6,83.1,0.036,100,0.0,20.2,12.5,92.4,14.9,-1.0,rain
2021-10-14,10874,0,0,4,21.4,72.2,0.0,0,0.0,31.7,14.7,60.2,14.5,-1.0,partly-cloudy-day
2021-10-15,11832,0,0,4,21.4,76.5,0.011,100,0.0,23.4,14.6,66.5,16.0,-1.0,rain
2021-10-16,9324,0,1,4,20.0,74.7,7.345,100,0.0,53.1,29.3,69.0,15.1,-1.0,rain
2021-10-17,9950,0,1,4,14.5,52.8,0.0,0,0.0,51.1,30.9,47.4,16.0,-1.0,partly-cloudy-day
2021-10-18,8737,0,0,4,14.5,50.5,0.0,0,0.0,51.5,33.2,22.0,16.0,-1.0,partly-cloudy-day
2021-10-19,10014,0,0,4,15.7,52.7,0.0,0,0.0,38.9,21.2,0.0,16.0,-1.0,clear-day
2021-10-20,10207,0,0,4,18.3,55.9,0.0,0,0.0,31.7,20.6,20.0,16.0,-1.0,clear-day
2021-10-21,10923,0,0,4,17.6,68.8,0.0,0,0.0,37.8,18.7,27.7,16.0,-1.0,partly-cloudy-day
2021-10-22,11587,0,0,4,18.6,56.3,0.0,0,0.0,37.1,22.0,64.7,16.0,-1.0,partly-cloudy-day
2021-10-23,12117,0,1,4,15.9,62.6,0.0,0,0.0,37.1,17.8,78.0,16.0,-1.0,partly-cloudy-day
2021-10-24,10397,0,1,4,16.2,65.5,0.0,0,0.0,30.6,17.9,80.4,15.9,-1.0,partly-cloudy-day
2021-10-25,7195,0,0,4,19.7,75.7,33.395,100,0.0,73.8,23.1,85.3,14.4,-1.0,rain
2021-10-26,8862,0,0,4,15.6,67.9,7.822,100,0.0,68.6,41.2,85.3,15.6,-1.0,rain
2021-10-27,10770,0,0,4,15.8,61.0,0.0,0,0.0,54.4,34.5,53.1,16.0,-1.0,partly-cloudy-day
2021-10-28,10680,0,0,4,15.1,70.8,0.0,0,0.0,31.0,17.8,60.5,16.0,-1.0,partly-cloudy-day
2021-10-29,3448,0,0,4,15.2,86.5,31.365,100,0.0,59.4,34.5,99.8,11.0,-1.0,rain
2021-10-30,11666,0,1,4,15.0,77.8,1.886,100,0.0,34.6,23.1,91.6,15.2,-1.0,rain
2021-10-31,10553,0,1,4,14.7,72.1,0.0,0,0.0,46.8,27.1,69.8,15.7,-1.0,partly-cloudy-day
2021-11-01,8994,0,0,4,13.4,54.6,0.0,0,0.0,38.9,26.7,34.1,16.0,-1.0,partly-cloudy-day
2021-11-02,5840,0,0,4,9.3,76.3,2.682,100,0.0,22.0,19.2,87.9,15.8,-1.0,rain
2021-11-03,8647,0,0,4,7.7,59.9,0.0,0,0.0,33.5,23.8,37.7,15.9,-1.0,partly-cloudy-day
2021-11-04,8745,0,0,4,7.6,58.6,0.0,0,0.0,18.4,10.5,83.2,16.0,-1.0,partly-cloudy-day
2021-11-05,9255,0,0,4,7.2,55.1,0.0,0,0.0,27.0,19.8,50.0,16.0,-1.0,partly-cloudy-day
2021-11-06,10489,0,1,4,7.5,62.5,0.0,0,0.0,26.6,18.2,72.7,16.0,-1.0,partly-cloudy-day
2021-11-07,9255,0,1,4,8.9,60.0,0.0,0,0.0,26.6,19.7,73.8,15.9,-1.0,partly-cloudy-day
2021-11-08,8861,0,0,4,12.5,56.1,0.0,0,0.0,29.2,19.8,16.1,16.0,-1.0,clear-day
2021-11-09,10081,0,0,4,13.2,65.7,0.0,0,0.0,20.9,15.6,21.0,16.0,-1.0,partly-cloudy-day
2021-11-10,10773,0,0,4,15.5,62.7,0.011,100,0.0,31.3,23.4,32.1,16.0,-1.0,rain
2021-11-11,11033,1,0,4,14.3,75.8,0.0,0,0.0,39.2,23.9,62.0,15.3,-1.0,partly-cloudy-day
2021-11-12,9622,0,0,4,15.2,68.5,15.354,100,0.0,54.4,25.8,58.4,14.4,-1.0,rain
2021-11-13,9808,0,1,4,8.9,63.7,0.289,100,0.0,54.4,27.0,42.0,15.9,-1.0,rain
2021-11-14,7215,0,1,4,5.8,58.5,0.0,0,0.0,38.2,22.4,66.4,16.0,-1.0,partly-cloudy-day
2021-11-15,6707,0,0,4,7.5,47.6,0.0,0,0.0,53.8,32.7,65.9,16.0,-1.0,partly-cloudy-day
2021-11-16,8119,0,0,4,7.4,54.9,0.0,0,0.0,23.4,14.2,63.8,16.0,-1.0,partly-cloudy-day
2021-11-17,9064,0,0,4,10.1,71.2,0.0,0,0.0,27.7,14.8,48.9,16.0,-1.0,partly-cloudy-day
2021-11-18,9085,0,0,4,15.7,59.9,1.56,100,0.0,61.4,34.1,49.2,16.0,-1.0,rain
2021-11-19,7447,0,0,4,6.6,42.0,0.0,0,0.0,54.4,36.2,30.0,16.0,-1.0,partly-cloudy-day
2021-11-20,7640,0,1,4,4.8,58.7,0.0,0,0.0,23.4,17.5,57.8,16.0,-1.0,partly-cloudy-day
2021-11-21,6731,0,1,4,7.7,71.4,0.0,0,0.0,30.2,16.4,81.6,16.0,-1.0,partly-cloudy-day
2021-11-22,6433,0,0,4,8.5,61.6,1.847,100,0.0,55.3,34.9,84.1,16.0,-1.0,rain
2021-11-23,5710,0,0,4,3.6,41.8,0.0,0,0.0,47.9,27.7,31.9,16.0,-1.0,partly-cloudy-day
2021-11-24,5342,0,0,4,4.2,47.0,0.0,0,0.0,20.2,15.5,29.0,16.0,-1.0,partly-cloudy-day
2021-11-25,3972,1,0,4,7.0,56.2,0.0,0,0.0,16.9,14.0,79.6,16.0,-1.0,partly-cloudy-day
2021-11-26,3559,0,0,4,6.2,57.6,2.25,100,0.0,67.2,38.1,78.7,15.5,-1.0,rain
2021-11-27,4401,0,1,4,3.9,44.0,0.0,0,0.0,45.5,26.4,70.7,16.0,-1.0,partly-cloudy-day
2021-11-28,5691,0,1,4,7.7,52.1,0.0,0,0.0,32.4,17.8,67.4,16.0,-1.0,partly-cloudy-day
2021-11-29,5454,0,0,4,5.3,46.2,0.0,0,0.0,56.3,34.9,55.5,16.0,-1.0,partly-cloudy-day
2021-11-30,6524,0,0,4,4.8,59.7,0.0,0,0.0,32.0,21.8,71.6,16.0,-1.0,partly-cloudy-day
2021-12-01,7460,0,0,1,7.1,63.3,0.0,0,0.0,22.0,14.7,53.3,16.0,-1.0,partly-cloudy-day
2021-12-02,8546,0,0,1,12.8,58.6,0.0,0,0.0,40.7,26.7,87.2,16.0,-1.0,partly-cloudy-day
2021-12-03,8084,0,0,1,10.4,47.1,0.0,0,0.0,59.4,36.4,71.1,16.0,-1.0,partly-cloudy-day
2021-12-04,9625,0,1,1,9.2,57.6,0.0,0,0.0,21.2,14.5,81.6,16.0,-1.0,partly-cloudy-day
2021-12-05,6751,0,1,1,7.6,53.9,0.0,0,0.0,24.5,13.8,64.7,16.0,-1.0,partly-cloudy-day
2021-12-06,6840,0,0,1,12.8,58.7,0.0,0,0.0,82.4,48.0,87.3,16.0,-1.0,partly-cloudy-day
2021-12-07,6211,0,0,1,4.0,37.8,0.0,0,0.0,50.4,33.0,69.2,16.0,-1.0,partly-cloudy-day
2021-12-08,5901,0,0,1,4.2,54.6,0.0,0,0.0,42.5,30.3,82.9,16.0,-1.0,partly-cloudy-day
2021-12-09,6289,0,0,1,3.3,53.2,0.0,0,0.0,28.4,19.7,76.3,16.0,-1.0,partly-cloudy-day
2021-12-10,7680,0,0,1,7.8,62.7,0.336,100,0.0,24.5,17.4,96.6,16.0,-1.0,rain
2021-12-11,7429,0,1,1,14.8,78.0,4.202,100,0.0,67.5,38.4,98.8,14.9,-1.0,rain
2021-12-12,6414,0,1,1,7.3,39.4,0.0,0,0.0,73.3,31.7,33.2,16.0,-1.0,partly-cloudy-day
2021-12-13,5974,0,0,1,5.1,59.8,0.0,0,0.0,20.2,15.6,38.3,16.0,-1.0,partly-cloudy-day
2021-12-14,7006,0,0,1,7.6,55.2,0.0,0,0.0,22.3,12.4,48.5,16.0,-1.0,partly-cloudy-day
2021-12-15,6729,0,0,1,8.2,71.0,0.0,0,0.0,21.2,10.8,62.8,16.0,-1.0,partly-cloudy-day
2021-12-16,7728,0,0,1,12.9,62.8,0.0,0,0.0,38.9,23.4,71.3,16.0,-1.0,partly-cloudy-day
2021-12-17,7413,0,0,1,15.0,50.1,0.0,0,0.0,36.0,19.7,93.0,16.0,-1.0,cloudy
2021-12-18,6445,0,1,1,11.3,56.3,0.0,0,0.0,35.3,15.6,99.2,15.8,-1.0,cloudy
2021-12-19,4466,0,1,1,7.4,55.8,0.0,0,0.0,58.3,38.1,76.6,15.7,-1.0,partly-cloudy-day
2021-12-20,4408,0,0,1,1.1,55.5,0.0,0,0.0,19.4,16.0,20.1,16.0,-1.0,partly-cloudy-day
2021-12-21,4041,0,0,1,2.4,67.6,1.572,100,0.0,17.3,12.4,92.9,13.9,-1.0,rain
2021-12-22,3985,0,0,1,5.3,58.5,5.277,100,0.0,55.8,36.1,49.3,13.3,-1.0,rain
2021-12-23,3400,0,0,1,1.8,48.0,1.462,100,0.0,27.0,21.3,24.4,16.0,-1.0,rain
2021-12-24,3090,1,0,1,7.7,51.2,0.0,0,0.0,38.9,25.1,79.5,16.0,-1.0,partly-cloudy-day
2021-12-25,2981,0,1,1,14.2,60.3,1.93,100,0.0,50.0,22.4,87.7,16.0,-1.0,rain
2021-12-26,4205,0,1,1,12.7,59.3,0.0,0,0.0,35.3,21.8,21.0,16.0,-1.0,partly-cloudy-day
2021-12-27,2900,0,0,1,5.0,67.5,0.0,0,0.0,30.6,17.9,88.8,16.0,-1.0,partly-cloudy-day
2021-12-28,4720,0,0,1,8.8,59.9,0.0,0,0.0,45.0,17.4,95.2,16.0,-1.0,cloudy
2021-12-29,4229,0,0,1,10.1,70.1,2.794,100,0.0,21.2,15.9,97.6,15.2,-1.0,rain
2021-12-30,4446,0,0,1,10.2,89.6,3.858,100,0.0,19.8,12.2,100.0,8.5,-1.0,rain
2021-12-31,5351,1,0,1,11.8,88.8,1.05,100,0.0,27.4,17.8,96.3,12.4,-1.0,rain
2022-01-01,3236,0,1,1,14.6,92.1,11.4,100,0.0,66.2,18.4,99.5,10.0,-1.0,rain
2022-01-02,5109,0,1,1,14.2,81.6,3.132,100,0.0,58.9,30.4,91.6,15.5,-1.0,rain
2022-01-03,450,0,0,1,0.4,78.7,22.563,100,6.7,56.2,36.2,77.2,10.0,-1.0,snow
2022-01-04,1139,0,0,1,-1.5,65.7,0.0,0,3.6,31.7,22.7,18.7,16.0,-1.0,clear-day
2022-01-05,2136,0,0,1,2.1,76.3,0.011,100,0.0,32.8,21.9,82.6,16.0,-1.0,rain
2022-01-06,3554,0,0,1,4.3,55.0,0.0,0,0.5,31.7,20.8,88.0,16.0,-1.0,partly-cloudy-day
2022-01-07,2106,0,0,1,-1.2,56.2,3.035,100,0.6,51.8,34.3,58.4,13.6,-1.0,snow
2022-01-08,3125,0,1,1,-2.5,49.4,0.0,0,0.0,28.1,21.4,20.5,16.0,-1.0,partly-cloudy-day
2022-01-09,1649,0,1,1,3.2,71.6,13.761,100,0.0,50.0,24.7,90.0,13.6,-1.0,rain
2022-01-10,3642,0,0,1,1.6,43.1,0.138,100,0.0,56.1,33.7,58.5,16.0,10.0,rain
2022-01-11,3183,0,0,1,-3.5,41.1,0.0,0,0.0,45.6,31.6,42.6,16.0,10.0,partly-cloudy-day
2022-01-12,4219,0,0,1,1.4,49.1,0.0,0,0.0,52.2,25.2,53.8,16.0,10.0,partly-cloudy-day
2022-01-13,4728,0,0,1,4.3,63.1,0.0,0,0.0,15.8,10.5,86.6,16.0,10.0,partly-cloudy-day
2022-01-14,4744,0,0,1,5.5,59.0,0.0,0,0.0,55.2,34.7,81.5,15.9,10.0,partly-cloudy-day
2022-01-15,3305,0,1,1,-3.4,39.6,0.0,0,0.0,42.5,30.7,61.6,16.0,10.0,partly-cloudy-day
2022-01-16,1527,0,1,1,-4.5,63.3,20.841,100,0.8,54.7,34.8,86.0,11.6,10.0,snow
2022-01-17,2421,1,0,1,2.7,63.1,0.965,100,0.6,69.7,43.4,87.8,15.6,10.0,snow
2022-01-18,3927,0,0,1,2.2,51.2,0.0,0,0.0,51.3,27.9,67.6,16.0,10.0,partly-cloudy-day
2022-01-19,4947,0,0,1,5.6,51.8,0.0,0,0.0,47.9,27.0,69.8,16.0,10.0,partly-cloudy-day
2022-01-20,3088,0,0,1,3.3,69.8,7.731,100,1.0,31.7,26.8,89.5,14.9,10.0,snow
2022-01-21,3460,0,0,1,-4.7,46.8,0.0,0,0.0,46.7,30.1,85.5,16.0,10.0,partly-cloudy-day
2022-01-22,3941,0,1,1,-3.8,39.7,0.0,0,0.0,25.6,19.6,46.4,16.0,10.0,partly-cloudy-day
2022-01-23,3720,0,1,1,-0.1,50.0,0.0,0,0.0,20.9,16.4,86.1,15.9,10.0,partly-cloudy-day
2022-01-24,4227,0,0,1,2.5,56.7,0.0,0,0.1,31.0,21.5,70.7,15.9,10.0,partly-cloudy-day
2022-01-25,4739,0,0,1,3.4,56.8,0.0,0,0.0,49.6,33.9,87.0,16.0,10.0,partly-cloudy-day
2022-01-26,4021,0,0,1,-2.1,40.8,0.0,0,0.0,33.5,28.6,29.0,16.0,10.0,partly-cloudy-day
2022-01-27,4384,0,0,1,-2.2,51.6,0.0,0,0.0,20.5,18.1,42.8,16.0,10.0,partly-cloudy-day
2022-01-28,3388,0,0,1,1.3,67.6,3.133,100,0.7,37.4,25.1,97.2,11.1,10.0,snow
2022-01-29,2564,0,1,1,-3.5,54.3,0.091,100,0.7,62.3,41.2,58.0,14.8,10.0,snow
2022-01-30,2948,0,1,1,-3.8,42.9,0.0,0,0.0,48.6,29.1,58.5,16.0,10.0,partly-cloudy-day
2022-01-31,4086,0,0,1,-1.0,57.0,0.0,0,0.0,28.4,15.9,65.5,16.0,10.0,partly-cloudy-day
2022-02-01,4923,0,0,1,0.4,61.3,0.0,0,0.0,21.2,14.4,26.0,16.0,10.0,partly-cloudy-day
2022-02-02,5559,0,0,1,3.1,75.8,0.0,0,0.0,18.4,12.6,73.4,12.9,10.0,partly-cloudy-day
2022-02-03,3033,0,0,1,8.2,90.5,11.076,100,0.0,48.2,26.1,99.1,9.5,10.0,rain
2022-02-04,2386,0,0,1,8.1,83.9,26.311,100,0.0,46.4,31.1,99.9,11.3,10.0,rain
2022-02-05,4239,0,1,1,-0.4,49.7,0.0,0,0.0,58.3,38.1,45.2,16.0,10.0,partly-cloudy-day
2022-02-06,4013,0,1,1,-1.0,45.4,0.0,0,0.0,18.7,16.8,31.5,16.0,10.0,partly-cloudy-day
2022-02-07,3826,0,0,1,3.1,67.6,1.878,100,0.0,17.6,14.2,99.1,14.3,10.0,rain
2022-02-08,5259,0,0,1,4.2,53.5,0.0,0,0.0,29.5,20.2,36.6,16.0,10.0,partly-cloudy-day
2022-02-09,6111,0,0,1,5.1,58.8,0.0,0,0.0,24.8,18.4,16.9,16.0,10.0,clear-day
2022-02-10,6460,0,0,1,8.9,48.3,0.0,0,0.0,54.2,29.6,42.6,16.0,10.0,partly-cloudy-day
2022-02-11,7518,0,0,1,9.6,52.0,0.0,0,0.0,48.5,30.6,32.0,16.0,10.0,partly-cloudy-day
2022-02-12,8315,0,1,1,12.1,43.1,0.0,0,0.0,35.3,24.7,73.7,16.0,10.0,partly-cloudy-day
2022-02-13,2741,0,1,1,1.5,71.9,1.491,100,2.8,33.5,28.3,84.5,12.9,10.0,snow
2022-02-14,3877,0,0,1,-1.9,45.8,0.0,0,0.0,42.5,28.7,60.4,16.0,10.0,partly-cloudy-day
2022-02-15,4772,0,0,1,-1.0,45.9,0.0,0,0.0,23.8,16.3,32.1,16.0,10.0,partly-cloudy-day
2022-02-16,5946,0,0,1,4.7,61.2,0.0,0,0.0,35.3,18.7,80.2,16.0,10.0,partly-cloudy-day
2022-02-17,6997,0,0,1,14.1,62.5,0.0,0,0.0,54.5,34.0,86.6,16.0,10.0,partly-cloudy-day
2022-02-18,5185,0,0,1,9.2,51.4,0.366,100,0.0,78.7,52.1,62.5,16.0,10.0,rain
2022-02-19,4845,0,1,1,1.7,42.7,0.0,0,0.0,77.8,47.0,25.6,16.0,10.0,partly-cloudy-day
2022-02-20,4664,0,1,1,0.1,38.4,0.0,0,0.0,38.9,23.2,9.0,16.0,10.0,clear-day
2022-02-21,7666,1,0,1,8.4,41.1,0.0,0,0.0,25.6,20.3,35.0,15.9,10.0,partly-cloudy-day
2022-02-22,4889,0,0,1,13.1,77.9,1.52,100,0.0,64.7,41.8,91.4,14.9,10.0,rain
2022-02-23,7746,0,0,1,16.6,61.7,0.311,100,0.0,53.3,41.0,81.9,16.0,10.0,rain
2022-02-24,3273,0,0,1,2.4,68.9,3.875,100,1.6,34.9,28.2,99.2,12.1,10.0,snow
2022-02-25,5402,0,0,1,5.0,71.5,9.354,100,0.1,57.0,33.5,84.9,11.7,10.0,snow
2022-02-26,6030,0,1,1,3.1,48.2,0.0,0,0.0,50.9,32.0,89.4,16.0,10.0,partly-cloudy-day
2022-02-27,6302,0,1,1,7.1,39.2,0.0,0,0.0,46.4,26.9,53.6,15.9,10.0,partly-cloudy-day
2022-02-28,5568,0,0,1,6.0,40.6,0.0,0,0.0,40.7,22.5,31.6,16.0,10.0,partly-cloudy-day
2022-03-01,6671,0,0,2,6.3,60.5,0.0,0,0.0,45.7,23.5,80.6,16.0,10.0,partly-cloudy-day
2022-03-02,7530,0,0,2,10.4,57.3,0.0,0,0.0,26.6,15.8,59.0,16.0,10.0,partly-cloudy-day
2022-03-03,6736,0,0,2,9.4,44.0,0.0,0,0.0,56.5,36.1,73.5,16.0,10.0,partly-cloudy-day
2022-03-04,6423,0,0,2,2.8,37.9,0.0,0,0.0,34.2,26.1,35.1,16.0,10.0,partly-cloudy-day
2022-03-05,9345,0,1,2,8.5,59.0,0.0,0,0.0,27.7,25.5,78.0,16.0,10.0,partly-cloudy-day
2022-03-06,8980,0,1,2,19.1,64.1,0.131,100,0.0,53.1,32.6,83.0,15.9,10.0,rain
2022-03-07,6330,0,0,2,20.4,58.6,0.937,100,0.0,75.8,50.4,82.4,15.9,10.0,rain
2022-03-08,7269,0,0,2,9.2,42.5,0.0,0,0.0,70.4,34.5,83.3,16.0,10.0,partly-cloudy-day
2022-03-09,3729,0,0,2,6.2,80.2,16.859,100,0.0,37.1,19.6,95.1,12.3,10.0,rain
2022-03-10,7273,0,0,2,6.9,63.1,0.0,0,0.0,17.6,19.8,87.6,15.6,10.0,partly-cloudy-day
2022-03-11,8840,0,0,2,9.6,66.7,0.0,0,0.0,37.1,23.8,40.3,15.8,10.0,partly-cloudy-day
2022-03-12,1994,0,1,2,2.0,71.0,11.981,100,1.2,73.3,42.2,83.8,11.6,10.0,snow
2022-03-13,4129,0,1,2,0.0,43.2,0.0,0,0.2,51.6,35.3,38.7,16.0,10.0,partly-cloudy-day
2022-03-14,7664,0,0,2,7.5,53.3,0.0,0,0.0,27.7,20.0,55.5,16.0,10.0,partly-cloudy-day
2022-03-15,9988,0,0,2,12.5,47.7,0.0,0,0.0,30.6,24.6,49.2,16.0,10.0,partly-cloudy-day
2022-03-16,10636,0,0,2,14.2,51.6,0.0,0,0.0,35.3,25.2,61.0,16.0,10.0,partly-cloudy-day
2022-03-17,5354,0,0,2,12.6,83.8,22.264,100,0.0,26.3,20.7,96.1,9.3,10.0,rain
2022-03-18,11016,0,0,2,14.7,77.9,0.0,0,0.0,44.9,25.6,63.2,9.2,10.0,partly-cloudy-day
2022-03-19,13614,0,1,2,18.6,63.7,0.0,0,0.0,61.8,34.6,62.6,16.0,10.0,partly-cloudy-day
2022-03-20,8620,0,1,2,13.4,44.1,0.0,0,0.0,64.5,40.5,62.3,16.0,10.0,partly-cloudy-day
2022-03-21,10603,0,0,2,14.2,37.1,0.0,0,0.0,55.1,23.9,20.7,16.0,10.0,partly-cloudy-day
2022-03-22,12306,0,0,2,14.3,50.6,0.0,0,0.0,22.3,17.8,56.1,16.0,10.0,partly-cloudy-day
2022-03-23,5689,0,0,2,10.9,66.0,6.861,100,0.0,40.3,20.3,93.8,14.9,10.0,rain
2022-03-24,7346,0,0,2,12.2,88.2,6.392,100,0.0,29.5,17.2,99.8,9.3,10.0,rain
2022-03-25,12225,0,0,2,13.2,56.5,0.0,0,0.0,38.2,21.8,80.1,13.5,10.0,partly-cloudy-day
2022-03-26,11119,0,1,2,9.3,45.1,0.04,100,0.0,68.4,29.7,81.6,15.8,10.0,rain
2022-03-27,5581,0,1,2,4.9,42.4,0.0,0,0.0,65.8,38.5,79.3,16.0,10.0,partly-cloudy-day
2022-03-28,4741,0,0,2,1.1,37.6,0.022,100,0.0,73.1,38.3,66.7,16.0,10.0,rain
2022-03-29,6364,0,0,2,1.8,34.5,0.0,0,0.0,50.2,27.9,23.4,16.0,10.0,partly-cloudy-day
2022-03-30,8251,0,0,2,8.4,48.3,0.534,100,0.0,40.7,24.2,91.8,16.0,10.0,rain
2022-03-31,7633,0,0,2,17.5,70.2,0.011,100,0.0,78.5,52.3,93.5,16.0,10.0,rain
2022-04-01,8709,0,0,2,12.3,52.5,4.449,100,0.0,74.3,44.1,75.3,15.4,10.0,rain
2022-04-02,13155,0,1,2,8.9,41.7,0.0,0,0.0,46.2,26.3,55.6,16.0,10.0,partly-cloudy-day
2022-04-03,9933,0,1,2,10.7,51.6,0.0,0,0.0,65.6,36.6,81.9,15.9,10.0,partly-cloudy-day
2022-04-04,8340,0,0,2,9.2,43.3,0.0,0,0.0,46.2,22.5,53.7,16.0,10.0,partly-cloudy-day
2022-04-05,5050,0,0,2,10.9,78.5,15.979,100,0.0,40.0,23.1,97.9,13.0,10.0,rain
2022-04-06,7688,0,0,2,13.5,84.7,25.581,100,0.0,45.4,23.7,99.4,12.2,10.0,rain
2022-04-07,4217,0,0,2,11.0,86.9,16.419,100,0.0,43.7,28.3,96.4,9.6,10.0,rain
2022-04-08,10049,0,0,2,12.4,56.1,1.434,100,0.0,46.2,31.4,55.9,15.7,10.0,rain
2022-04-09,10931,0,1,2,10.1,58.7,3.168,100,0.0,47.1,25.4,84.5,15.7,10.0,rain
2022-04-10,7722,0,1,2,8.7,47.9,0.0,0,0.0,55.2,36.4,56.2,16.0,10.0,partly-cloudy-day
2022-04-11,9064,0,0,2,11.3,53.1,0.0,0,0.0,29.2,18.3,39.5,16.0,10.0,partly-cloudy-day
2022-04-12,11151,0,0,2,18.1,57.8,0.0,0,0.0,31.7,22.3,76.5,16.0,10.0,partly-cloudy-day
2022-04-13,11933,0,0,2,21.4,56.4,0.0,0,0.0,47.6,30.7,71.1,16.0,10.0,partly-cloudy-day
2022-04-14,10051,0,0,2,22.7,46.1,0.771,100,0.0,62.3,36.8,75.9,16.0,30.0,rain
2022-04-15,12751,0,0,2,16.4,36.9,0.0,0,0.0,44.6,30.8,41.1,16.0,10.0,partly-cloudy-day
2022-04-16,13621,0,1,2,19.1,41.6,0.154,100,0.0,57.6,29.0,77.7,16.0,10.0,rain
2022-04-17,9489,0,1,2,12.2,39.7,0.0,0,0.0,51.3,31.1,56.7,16.0,10.0,partly-cloudy-day
2022-04-18,3278,0,0,2,7.2,62.8,20.933,100,0.0,51.3,31.1,91.4,13.0,10.0,rain
2022-04-19,7769,0,0,2,8.0,53.5,0.322,100,0.0,61.5,34.9,83.9,16.0,10.0,rain
2022-04-20,10413,0,0,2,10.7,44.5,0.0,0,0.0,35.6,18.0,36.7,16.0,10.0,partly-cloudy-day
2022-04-21,10195,0,0,2,14.1,56.2,0.0,0,0.0,41.4,26.8,86.9,16.0,10.0,partly-cloudy-day
2022-04-22,12325,0,0,2,18.0,51.2,0.0,0,0.0,31.7,19.3,64.1,16.0,10.0,partly-cloudy-day
2022-04-23,14267,0,1,2,18.1,51.9,0.0,0,0.0,25.9,16.5,63.6,15.9,10.0,partly-cloudy-day
2022-04-24,13159,0,1,2,19.0,59.4,0.0,0,0.0,35.3,22.0,46.4,16.0,10.0,partly-cloudy-day
2022-04-25,9857,0,0,2,15.9,72.9,0.0,0,0.0,27.4,19.6,69.7,15.6,10.0,partly-cloudy-day
2022-04-26,7897,0,0,2,16.7,78.2,1.747,100,0.0,30.6,27.1,95.9,13.4,10.0,rain
2022-04-27,9811,0,0,2,12.5,39.4,0.0,0,0.0,62.8,33.9,53.4,16.0,10.0,partly-cloudy-day
2022-04-28,9472,0,0,2,9.4,37.7,0.0,0,0.0,51.8,28.5,49.6,16.0,10.0,partly-cloudy-day
2022-04-29,10967,0,0,2,12.5,30.1,0.0,0,0.0,50.0,16.6,33.2,16.0,10.0,partly-cloudy-day
2022-04-30,13506,0,1,2,13.6,36.2,0.0,0,0.0,20.2,16.0,63.1,16.0,10.0,partly-cloudy-day
2022-05-01,8039,0,1,2,14.6,68.5,3.336,100,0.0,23.4,14.1,94.9,15.3,10.0,rain
2022-05-02,10927,0,0,2,19.1,60.8,0.0,0,0.0,41.8,17.6,47.4,16.0,10.0,partly-cloudy-day
2022-05-03,11378,0,0,2,17.7,74.1,0.0,0,0.0,40.7,23.4,66.1,12.8,10.0,partly-cloudy-day
2022-05-04,10419,0,0,2,17.6,81.1,21.22,100,0.0,33.5,23.7,92.6,13.7,30.0,rain
2022-05-05,10797,0,0,2,17.1,67.4,0.0,0,0.0,25.6,20.6,84.4,16.0,10.0,partly-cloudy-day
2022-05-06,3878,0,0,2,15.4,86.2,17.485,100,0.0,50.6,37.5,98.0,14.0,10.0,rain
2022-05-07,2595,0,1,2,11.1,87.4,35.362,100,0.0,57.2,33.6,99.8,7.6,10.0,rain
2022-05-08,6777,0,1,2,10.2,65.3,0.548,100,0.0,51.8,30.7,93.1,14.7,10.0,rain
2022-05-09,9829,0,0,2,13.9,46.5,0.0,0,0.0,37.1,23.2,10.3,16.0,10.0,clear-day
2022-05-10,11487,0,0,2,16.6,39.2,0.0,0,0.0,42.5,28.5,34.1,16.0,10.0,partly-cloudy-day
2022-05-11,11450,0,0,2,17.5,51.0,0.0,0,0.0,40.7,28.3,46.1,16.0,10.0,partly-cloudy-day
2022-05-12,10939,0,0,2,18.1,77.0,0.069,100,0.0,36.4,28.1,84.7,15.9,10.0,rain
2022-05-13,9959,0,0,2,19.7,84.4,3.648,100,0.0,26.6,19.8,96.0,13.8,30.0,rain
2022-05-14,11759,0,1,2,20.1,86.8,0.102,100,0.0,22.7,14.1,99.2,14.4,30.0,rain
2022-05-15,11724,0,1,2,20.8,82.2,1.093,100,0.0,47.1,27.5,86.6,10.1,30.0,rain
2022-05-16,8136,0,0,2,20.5,78.9,6.297,100,0.0,69.8,31.2,72.4,15.0,60.0,rain
2022-05-17,12216,0,0,2,21.8,44.8,2.453,100,0.0,41.9,31.0,21.0,16.0,10.0,rain
2022-05-18,11702,0,0,2,18.9,46.9,0.0,0,0.0,27.4,15.6,57.1,16.0,10.0,partly-cloudy-day
2022-05-19,11495,0,0,2,22.4,60.4,1.13,100,0.0,45.6,23.4,77.1,16.0,30.0,rain
2022-05-20,11968,0,0,2,25.5,64.6,0.0,0,0.0,37.1,21.8,75.2,16.0,75.0,partly-cloudy-day
2022-05-21,12482,0,1,2,28.4,57.2,0.0,0,0.0,38.2,23.0,62.2,16.0,100.0,partly-cloudy-day
2022-05-22,9418,0,1,2,25.5,70.1,40.494,100,0.0,94.3,46.5,63.0,14.6,60.0,rain
2022-05-23,10118,0,0,2,20.2,60.3,0.0,0,0.0,33.5,26.8,84.8,16.0,10.0,partly-cloudy-day
2022-05-24,8482,0,0,2,16.3,76.5,8.268,100,0.0,37.1,24.8,97.0,13.6,10.0,rain
2022-05-25,11535,0,0,2,18.1,61.3,0.0,0,0.0,33.3,23.0,90.5,16.0,10.0,cloudy
2022-05-26,10989,0,0,2,19.2,73.7,0.0,0,0.0,22.7,16.0,99.9,16.0,10.0,cloudy
2022-05-27,7903,0,0,2,21.5,83.8,8.5,100,0.0,72.0,30.4,96.0,15.4,30.0,rain
2022-05-28,13808,0,1,2,21.7,65.7,0.6,100,0.0,41.9,28.1,63.9,16.0,10.0,rain
2022-05-29,14555,0,1,2,23.0,60.2,0.0,0,0.0,15.1,12.8,52.1,16.0,10.0,partly-cloudy-day
2022-05-30,11898,1,0,2,25.1,65.7,0.0,0,0.0,19.1,20.8,41.8,16.0,60.0,partly-cloudy-day
2022-05-31,10402,0,0,2,28.3,59.8,0.0,0,0.0,27.7,14.4,50.9,15.9,60.0,partly-cloudy-day
2022-06-01,10864,0,0,3,29.3,56.5,0.0,0,0.0,29.5,22.8,63.7,16.0,75.0,partly-cloudy-day
2022-06-02,8096,0,0,3,25.1,74.5,10.33,100,0.0,52.6,24.2,63.4,13.7,60.0,rain
2022-06-03,12931,0,0,3,22.9,57.0,1.811,100,0.0,38.2,25.4,68.7,16.0,30.0,rain
2022-06-04,15383,0,1,3,23.6,45.0,0.0,0,0.0,29.5,21.6,38.5,16.0,10.0,partly-cloudy-day
2022-06-05,13545,0,1,3,21.9,43.1,0.0,0,0.0,35.6,23.3,37.9,16.0,10.0,partly-cloudy-day
2022-06-06,12005,0,0,3,22.0,48.4,0.0,0,0.0,33.5,25.6,41.1,16.0,10.0,partly-cloudy-day
2022-06-07,9161,0,0,3,22.0,74.5,4.03,100,0.0,41.5,27.1,87.9,15.1,30.0,rain
2022-06-08,11233,0,0,3,25.0,72.9,1.125,100,0.0,27.7,18.1,72.8,15.9,60.0,rain
2022-06-09,13057,0,0,3,24.6,59.7,1.622,100,0.0,53.2,37.4,70.9,16.0,30.0,rain
2022-06-10,14178,0,0,3,22.4,51.3,0.0,0,0.0,25.9,17.5,65.2,16.0,10.0,partly-cloudy-day
2022-06-11,12710,0,1,3,20.5,72.6,1.893,100,0.0,23.4,16.1,93.3,15.6,10.0,rain
2022-06-12,12676,0,1,3,22.4,78.0,0.243,100,0.0,23.8,19.8,70.9,15.9,30.0,rain
2022-06-13,10937,0,0,3,27.3,69.5,0.459,100,0.0,19.1,16.2,69.1,15.9,60.0,rain
2022-06-14,12251,0,0,3,25.9,74.7,0.891,100,0.0,35.3,24.5,86.0,15.1,60.0,rain
2022-06-15,12808,0,0,3,26.6,64.4,0.0,0,0.0,32.4,19.8,52.3,15.7,5.0,partly-cloudy-day
2022-06-16,12162,0,0,3,25.8,65.2,0.018,100,0.0,34.6,25.2,88.0,16.0,30.0,rain
2022-06-17,12393,0,0,3,29.4,53.1,0.0,0,0.0,59.9,27.0,61.4,16.0,75.0,partly-cloudy-day
2022-06-18,16156,0,1,3,23.5,39.2,0.0,0,0.0,60.8,43.8,28.7,16.0,10.0,partly-cloudy-day
2022-06-19,14591,0,1,3,21.2,31.3,0.0,0,0.0,53.0,34.0,29.0,15.9,10.0,partly-cloudy-day
2022-06-20,13212,1,0,3,22.4,33.2,0.0,0,0.0,35.3,23.5,61.5,16.0,10.0,partly-cloudy-day
2022-06-21,12326,0,0,3,23.9,49.7,0.0,0,0.0,31.7,20.2,84.8,16.0,10.0,partly-cloudy-day
2022-06-22,9683,0,0,3,24.7,67.4,12.738,100,0.0,55.4,23.0,75.5,14.7,30.0,rain
2022-06-23,9995,0,0,3,20.5,83.4,22.84,100,0.0,27.0,20.4,94.6,13.6,10.0,rain
2022-06-24,14538,0,0,3,22.0,74.8,0.0,0,0.0,11.9,14.2,36.7,14.4,30.0,partly-cloudy-day
2022-06-25,15394,0,1,3,25.3,69.3,0.0,0,0.0,22.3,17.5,49.2,15.9,30.0,partly-cloudy-day
2022-06-26,12048,0,1,3,26.4,63.7,0.0,0,0.0,35.3,24.9,62.0,15.9,30.0,partly-cloudy-day
2022-06-27,10730,0,0,3,25.1,68.3,5.69,100,0.0,31.7,24.6,77.8,15.4,30.0,rain
2022-06-28,13398,0,0,3,23.1,44.3,0.0,0,0.0,38.9,20.2,47.5,16.0,10.0,partly-cloudy-day
2022-06-29,12932,0,0,3,24.4,60.0,0.0,0,0.0,35.3,23.2,46.5,16.0,10.0,partly-cloudy-day
2022-06-30,12294,0,0,3,27.2,60.4,0.0,0,0.0,15.1,15.7,28.2,16.0,30.0,partly-cloudy-day
2022-07-01,11947,0,0,3,27.9,68.1,0.0,0,0.0,29.5,23.5,58.6,16.0,100.0,partly-cloudy-day
2022-07-02,12161,0,1,3,28.0,68.8,0.0,0,0.0,50.0,24.8,82.6,16.0,100.0,partly-cloudy-day
2022-07-03,14119,0,1,3,26.4,63.8,12.33,100,0.0,22.7,20.2,67.6,15.4,60.0,rain
2022-07-04,18842,1,0,3,26.1,47.7,0.0,0,0.0,24.1,14.8,40.5,16.0,10.0,partly-cloudy-day
2022-07-05,11162,0,0,3,26.1,73.6,2.651,100,0.0,38.9,25.4,82.6,15.6,100.0,rain
2022-07-06,11726,0,0,3,28.9,61.9,0.0,0,0.0,29.5,16.1,74.6,16.0,30.0,partly-cloudy-day
2022-07-07,11875,0,0,3,25.4,77.1,0.43,100,0.0,22.3,23.0,89.9,15.7,10.0,rain
2022-07-08,12467,0,0,3,26.2,72.2,0.0,0,0.0,15.1,16.1,85.0,15.9,30.0,partly-cloudy-day
2022-07-09,7389,0,1,3,22.6,84.6,55.072,100,0.0,47.9,28.3,98.3,12.8,10.0,rain
2022-07-10,13850,0,1,3,24.0,66.3,0.0,0,0.0,17.6,15.3,80.0,16.0,10.0,partly-cloudy-day
2022-07-11,12415,0,0,3,24.0,58.5,0.0,0,0.0,29.5,21.4,17.6,16.0,10.0,clear-day
2022-07-12,9812,0,0,3,25.3,71.5,10.193,100,0.0,82.1,29.0,34.6,16.0,60.0,rain
2022-07-13,13541,0,0,3,26.8,67.3,0.0,0,0.0,25.6,25.1,80.7,16.0,75.0,partly-cloudy-day
2022-07-14,13297,0,0,3,26.6,60.3,0.0,0,0.0,37.1,21.0,56.6,16.0,30.0,partly-cloudy-day
2022-07-15,13344,0,0,3,27.1,58.6,0.0,0,0.0,14.8,16.0,53.4,16.0,30.0,partly-cloudy-day
2022-07-16,13229,0,1,3,25.4,74.0,32.992,100,0.0,44.6,28.6,79.8,15.1,75.0,rain
2022-07-17,12544,0,1,3,25.7,77.6,0.373,100,0.0,25.2,14.2,82.1,15.9,75.0,rain
2022-07-18,10733,0,0,3,27.5,72.8,0.0,0,0.0,43.5,26.5,84.5,15.9,75.0,partly-cloudy-day
2022-07-19,13025,0,0,3,28.4,59.6,0.0,0,0.0,19.4,15.7,65.9,15.9,30.0,partly-cloudy-day
2022-07-20,12953,0,0,3,28.5,65.6,0.0,0,0.0,33.5,21.9,19.7,16.0,75.0,clear-day
2022-07-21,11401,0,0,3,29.5,65.4,1.345,100,0.0,69.8,24.3,68.4,15.5,75.0,rain
2022-07-22,12113,0,0,3,29.6,55.6,0.0,0,0.0,35.3,22.9,54.5,16.0,30.0,partly-cloudy-day
2022-07-23,12280,0,1,3,29.8,55.7,0.0,0,0.0,53.5,26.1,48.5,16.0,60.0,partly-cloudy-day
2022-07-24,10656,0,1,3,29.1,59.0,0.0,0,0.0,36.0,24.4,70.8,15.7,75.0,partly-cloudy-day
2022-07-25,9531,0,0,3,28.0,70.8,3.059,100,0.0,64.8,23.1,83.9,16.0,100.0,rain
2022-07-26,11762,0,0,3,25.1,74.1,0.0,0,0.0,20.5,15.8,92.5,16.0,30.0,cloudy
2022-07-27,12725,0,0,3,27.2,70.2,0.0,0,0.0,35.3,19.5,87.0,16.0,60.0,partly-cloudy-day
2022-07-28,12008,0,0,3,28.4,67.9,4.925,100,0.0,66.0,23.8,78.3,16.0,60.0,rain
2022-07-29,10643,0,0,3,26.3,75.5,0.0,0,0.0,17.6,18.4,75.1,16.0,60.0,partly-cloudy-day
2022-07-30,14953,0,1,3,26.7,57.6,0.454,100,0.0,27.0,17.9,78.7,16.0,10.0,rain
2022-07-31,10387,0,1,3,25.0,67.8,11.55,100,0.0,50.0,15.8,82.2,15.3,10.0,rain
2022-08-01,11919,0,0,3,26.2,68.2,0.005,100,0.0,27.7,17.6,79.3,15.9,30.0,rain
2022-08-02,12586,0,0,3,28.5,62.9,12.079,100,0.0,83.2,21.6,56.1,16.0,30.0,rain
2022-08-03,12677,0,0,3,28.3,55.1,0.0,0,0.0,21.6,19.2,24.3,16.0,30.0,partly-cloudy-day
2022-08-04,9524,0,0,3,28.0,71.0,14.391,100,0.0,82.1,39.8,40.2,14.9,60.0,rain
2022-08-05,9037,0,0,3,26.1,77.2,4.009,100,0.0,47.9,21.0,76.6,15.8,100.0,rain
2022-08-06,14188,0,1,3,26.8,73.5,0.0,0,0.0,40.7,26.1,82.2,16.0,60.0,partly-cloudy-day
2022-08-07,11458,0,1,3,27.9,71.4,0.0,0,0.0,27.7,25.3,67.4,16.0,60.0,partly-cloudy-day
2022-08-08,10405,0,0,3,28.5,74.7,0.0,0,0.0,42.5,23.7,41.4,16.0,100.0,partly-cloudy-day
2022-08-09,11193,0,0,3,29.9,66.4,0.094,100,0.0,42.8,21.4,46.8,16.0,60.0,rain
2022-08-10,7453,0,0,3,27.4,75.8,13.657,100,0.0,66.6,18.0,77.6,14.8,60.0,rain
2022-08-11,12474,0,0,3,26.3,67.5,0.0,0,0.0,38.9,23.0,76.4,16.0,10.0,partly-cloudy-day
2022-08-12,12841,0,0,3,25.1,51.6,0.051,100,0.0,40.3,25.9,58.8,16.0,10.0,rain
2022-08-13,14394,0,1,3,23.3,47.0,0.0,0,0.0,23.4,19.4,28.0,16.0,10.0,partly-cloudy-day
2022-08-14,11283,0,1,3,23.6,57.7,0.747,100,0.0,16.9,19.6,85.4,15.9,10.0,rain
2022-08-15,10420,0,0,3,21.8,78.4,2.727,100,0.0,22.7,17.0,93.5,15.7,10.0,rain
2022-08-16,12984,0,0,3,23.5,63.0,0.0,0,0.0,43.8,23.9,60.6,16.0,10.0,partly-cloudy-day
2022-08-17,12354,0,0,3,23.0,67.6,0.556,100,0.0,45.9,20.9,63.3,16.0,30.0,rain
2022-08-18,13006,0,0,3,24.1,61.3,0.0,0,0.0,27.7,19.5,18.3,16.0,10.0,clear-day
2022-08-19,12208,0,0,3,25.8,69.8,0.0,0,0.0,25.2,21.8,46.8,16.0,30.0,partly-cloudy-day
2022-08-20,13718,0,1,3,26.3,67.3,0.0,0,0.0,19.4,17.9,59.1,16.0,30.0,partly-cloudy-day
2022-08-21,9483,0,1,3,24.5,84.4,2.031,100,0.0,22.7,19.3,66.3,15.9,60.0,rain
2022-08-22,9728,0,0,3,25.2,82.0,0.713,100,0.0,22.3,16.4,86.1,16.0,75.0,rain
2022-08-23,12709,0,0,3,26.3,60.6,0.0,0,0.0,35.3,24.4,36.0,16.0,30.0,partly-cloudy-day
2022-08-24,12602,0,0,3,26.4,57.2,0.0,0,0.0,33.5,20.0,25.2,16.0,10.0,partly-cloudy-day
2022-08-25,11887,0,0,3,26.7,67.0,0.0,0,0.0,23.8,23.6,70.0,16.0,60.0,partly-cloudy-day
2022-08-26,12283,0,0,3,27.9,66.5,0.0,0,0.0,29.5,17.9,49.7,15.3,60.0,partly-cloudy-day
2022-08-27,13976,0,1,3,27.5,65.5,0.02,100,0.0,31.7,17.8,59.8,16.0,60.0,rain
2022-08-28,11850,0,1,3,27.7,70.4,0.0,0,0.0,21.6,14.4,54.5,15.9,75.0,partly-cloudy-day
2022-08-29,10885,0,0,3,28.0,72.1,0.0,0,0.0,21.2,21.9,47.0,16.0,60.0,partly-cloudy-day
2022-08-30,9673,0,0,3,26.8,77.3,3.871,100,0.0,46.4,26.0,54.0,15.5,60.0,rain
2022-08-31,12745,0,0,3,25.4,58.2,0.0,0,0.0,42.1,24.0,34.1,15.9,10.0,partly-cloudy-day
2022-09-01,12340,0,0,4,25.9,50.0,0.0,0,0.0,29.5,16.6,18.7,16.0,10.0,clear-day
2022-09-02,12218,0,0,4,25.6,59.1,0.0,0,0.0,25.6,19.8,50.6,16.0,10.0,partly-cloudy-day
2022-09-03,12847,0,1,4,26.0,66.5,0.0,0,0.0,23.0,16.4,72.1,16.0,30.0,partly-cloudy-day
2022-09-04,12857,0,1,4,26.6,67.4,0.0,0,0.0,27.7,19.9,67.4,15.9,30.0,partly-cloudy-day
2022-09-05,9871,1,0,4,26.1,71.5,2.149,100,0.0,21.2,19.9,87.6,15.9,30.0,rain
2022-09-06,9662,0,0,4,25.2,80.7,17.874,100,0.0,31.7,23.5,88.3,14.0,30.0,rain
2022-09-07,10375,0,0,4,22.8,85.5,0.606,100,0.0,42.5,25.7,94.1,15.3,10.0,rain
2022-09-08,13182,0,0,4,23.0,72.6,0.0,0,0.0,19.4,16.0,84.9,16.0,10.0,partly-cloudy-day
2022-09-09,13582,0,0,4,23.2,66.7,0.0,0,0.0,31.7,21.7,18.6,16.0,10.0,clear-day
2022-09-10,15155,0,1,4,23.0,73.9,0.0,0,0.0,19.4,15.9,73.9,15.9,10.0,partly-cloudy-day
2022-09-11,8409,0,1,4,24.1,87.1,15.735,100,0.0,33.8,16.1,94.5,14.0,60.0,rain
2022-09-12,9379,0,0,4,24.8,86.3,2.527,100,0.0,33.5,12.5,94.3,15.6,60.0,rain
2022-09-13,13623,0,0,4,24.0,62.8,0.136,100,0.0,38.9,25.5,71.3,16.0,10.0,rain
2022-09-14,14194,0,0,4,21.7,60.3,0.0,0,0.0,38.9,18.3,35.0,16.0,10.0,partly-cloudy-day
2022-09-15,13645,0,0,4,22.4,63.3,0.0,0,0.0,31.5,21.7,29.7,16.0,10.0,partly-cloudy-day
2022-09-16,13924,0,0,4,21.0,62.5,0.0,0,0.0,11.2,12.3,10.7,15.9,10.0,clear-day
2022-09-17,15793,0,1,4,22.0,69.4,0.0,0,0.0,18.7,16.2,33.9,14.5,10.0,partly-cloudy-day
2022-09-18,13621,0,1,4,22.9,71.3,0.0,0,0.0,19.1,18.0,28.9,16.0,10.0,partly-cloudy-day
2022-09-19,11856,0,0,4,24.7,66.7,0.0,0,0.0,40.3,25.2,42.1,16.0,10.0,partly-cloudy-day
2022-09-20,13759,0,0,4,24.9,59.8,0.0,0,0.0,40.0,22.3,46.3,16.0,10.0,partly-cloudy-day
2022-09-21,13604,0,0,4,23.9,62.1,0.0,0,0.0,29.5,17.7,59.5,16.0,10.0,partly-cloudy-day
2022-09-22,12034,0,0,4,22.9,62.6,0.993,100,0.0,63.7,36.3,70.6,15.7,10.0,rain
2022-09-23,13070,0,0,4,16.3,46.5,0.0,0,0.0,47.3,29.0,23.1,16.0,10.0,partly-cloudy-day
2022-09-24,14311,0,1,4,16.3,53.8,0.0,0,0.0,18.7,16.1,61.1,16.0,10.0,partly-cloudy-day
2022-09-25,10824,0,1,4,20.0,67.8,0.352,100,0.0,40.1,27.7,76.0,16.0,30.0,rain
2022-09-26,12047,0,0,4,20.6,59.1,0.0,0,0.0,42.5,21.8,55.2,16.0,10.0,partly-cloudy-day
2022-09-27,12686,0,0,4,19.0,42.2,0.009,100,0.0,42.0,25.5,64.6,16.0,10.0,rain
2022-09-28,13043,0,0,4,16.2,56.0,0.0,0,0.0,35.3,24.8,39.5,16.0,10.0,partly-cloudy-day
2022-09-29,12728,0,0,4,16.8,58.8,0.0,0,0.0,42.8,28.9,65.4,16.0,10.0,partly-cloudy-day
2022-09-30,8496,0,0,4,14.7,71.6,2.886,100,0.0,49.3,31.1,91.2,15.7,10.0,rain
2022-10-01,6417,0,1,4,15.5,91.3,14.138,100,0.0,55.1,32.6,100.0,12.2,10.0,rain
2022-10-02,3555,0,1,4,14.7,91.3,12.205,100,0.0,51.8,32.5,99.7,8.7,10.0,rain
2022-10-03,5303,0,0,4,10.4,78.2,11.592,100,0.0,58.0,32.6,96.0,15.1,10.0,rain
2022-10-04,7215,0,0,4,10.5,83.0,4.595,100,0.0,41.4,28.6,99.2,15.4,10.0,rain
2022-10-05,9347,0,0,4,14.2,84.4,3.823,100,0.0,38.9,28.9,91.6,13.7,10.0,rain
2022-10-06,12877,0,0,4,18.1,68.7,0.0,0,0.0,22.7,14.5,40.9,16.0,10.0,partly-cloudy-day
2022-10-07,12771,0,0,4,18.9,65.3,0.0,0,0.0,42.8,29.9,41.9,15.8,10.0,partly-cloudy-day
2022-10-08,11844,0,1,4,13.1,54.8,0.0,0,0.0,44.2,28.8,50.3,16.0,10.0,partly-cloudy-day
2022-10-09,11683,0,1,4,12.1,58.7,0.0,0,0.0,35.3,17.8,6.3,16.0,10.0,clear-day
2022-10-10,10968,1,0,4,13.9,60.1,0.0,0,0.0,18.7,14.4,4.3,16.0,10.0,clear-day
2022-10-11,11493,0,0,4,15.1,64.6,0.0,0,0.0,15.8,17.4,11.3,16.0,10.0,clear-day
2022-10-12,12327,0,0,4,16.2,72.7,0.0,0,0.0,33.1,23.2,77.0,16.0,10.0,partly-cloudy-day
2022-10-13,7044,0,0,4,18.5,84.8,9.79,100,0.0,38.9,25.0,96.8,14.0,30.0,rain
2022-10-14,12429,0,0,4,15.6,68.3,2.311,100,0.0,34.9,16.0,56.8,15.6,10.0,rain
2022-10-15,14016,0,1,4,16.2,64.8,0.0,0,0.0,46.5,24.1,11.6,16.0,10.0,clear-day
2022-10-16,11595,0,1,4,16.3,66.3,0.343,100,0.0,39.2,14.1,59.7,16.0,10.0,rain
2022-10-17,10327,0,0,4,16.5,75.2,1.299,100,0.0,49.5,31.1,91.6,16.0,10.0,rain
2022-10-18,10010,0,0,4,10.2,42.7,0.0,0,0.0,44.6,27.1,54.6,16.0,10.0,partly-cloudy-day
2022-10-19,10363,0,0,4,8.9,53.2,0.0,0,0.0,38.3,28.8,58.2,16.0,10.0,partly-cloudy-day
2022-10-20,11063,0,0,4,10.2,55.5,0.0,0,0.0,43.6,27.1,32.7,16.0,10.0,partly-cloudy-day
2022-10-21,11572,0,0,4,12.4,55.9,0.0,0,0.0,13.7,12.5,32.6,16.0,10.0,partly-cloudy-day
2022-10-22,13920,0,1,4,13.6,65.7,0.0,0,0.0,16.6,15.9,40.3,15.8,10.0,partly-cloudy-day
2022-10-23,9105,0,1,4,13.7,77.1,4.827,100,0.0,39.6,22.2,94.0,15.2,10.0,rain
2022-10-24,9531,0,0,4,15.7,85.2,0.295,100,0.0,25.9,21.5,94.8,15.2,10.0,rain
2022-10-25,10781,0,0,4,16.3,89.2,0.008,100,0.0,15.8,12.7,100.0,10.5,10.0,rain
2022-10-26,11179,0,0,4,16.6,82.8,0.966,100,0.0,35.3,21.4,88.2,14.5,10.0,rain
2022-10-27,11713,0,0,4,14.9,54.4,0.0,0,0.0,51.1,29.0,21.9,16.0,10.0,partly-cloudy-day
2022-10-28,10801,0,0,4,11.6,62.9,0.0,0,0.0,33.8,21.4,61.4,16.0,10.0,partly-cloudy-day
2022-10-29,12309,0,1,4,12.0,64.1,0.0,0,0.0,22.3,17.8,24.8,16.0,10.0,partly-cloudy-day
2022-10-30,11223,0,1,4,11.0,73.6,0.0,0,0.0,14.0,15.8,49.5,16.0,10.0,partly-cloudy-day
2022-10-31,6929,0,0,4,15.3,85.7,4.147,100,0.0,29.5,19.9,94.4,14.7,10.0,rain
2022-11-01,10833,0,0,4,18.0,78.3,0.024,100,0.0,37.1,25.3,69.5,11.3,10.0,rain
2022-11-02,11298,0,0,4,16.4,71.6,0.0,0,0.0,24.8,16.1,62.4,16.0,10.0,partly-cloudy-day
2022-11-03,11797,0,0,4,15.6,71.3,0.0,0,0.0,24.1,12.4,50.7,16.0,10.0,partly-cloudy-day
2022-11-04,11978,0,0,4,16.4,80.8,0.0,0,0.0,21.6,14.5,71.8,13.4,10.0,partly-cloudy-day
2022-11-05,14787,0,1,4,20.7,77.5,0.0,0,0.0,45.7,28.9,71.4,15.7,10.0,partly-cloudy-day
2022-11-06,10488,0,1,4,21.4,81.0,0.691,100,0.0,40.3,20.7,87.0,15.6,10.0,rain
2022-11-07,11053,0,0,4,21.6,54.3,0.0,0,0.0,37.1,23.7,40.4,16.0,10.0,partly-cloudy-day
2022-11-08,10735,0,0,4,13.0,41.6,0.0,0,0.0,49.9,30.6,44.1,16.0,10.0,partly-cloudy-day
2022-11-09,10538,0,0,4,10.9,52.8,0.0,0,0.0,22.3,17.7,12.7,16.0,10.0,clear-day
2022-11-10,11563,0,0,4,14.7,72.5,0.0,0,0.0,16.9,13.9,72.6,15.9,10.0,partly-cloudy-day
2022-11-11,5504,1,0,4,19.6,89.5,13.209,100,0.0,48.1,31.6,99.2,14.3,10.0,rain
2022-11-12,13695,0,1,4,19.6,67.4,4.004,100,0.0,51.7,36.4,72.2,15.7,10.0,rain
2022-11-13,7223,0,1,4,8.4,51.1,0.66,100,0.0,57.9,36.4,78.1,16.0,10.0,rain
2022-11-14,7637,0,0,4,6.3,49.8,0.0,0,0.0,31.7,17.6,34.3,16.0,10.0,partly-cloudy-day
2022-11-15,4560,0,0,4,4.6,79.1,28.615,100,0.0,38.9,25.0,87.5,12.8,10.0,rain
2022-11-16,7869,0,0,4,7.3,67.3,0.017,100,0.0,46.5,27.3,88.6,15.3,10.0,rain
2022-11-17,7430,0,0,4,4.9,46.4,0.0,0,0.0,51.8,36.0,58.4,16.0,10.0,partly-cloudy-day
2022-11-18,7321,0,0,4,4.5,49.3,0.0,0,0.0,49.0,28.2,44.6,16.0,10.0,partly-cloudy-day
2022-11-19,7153,0,1,4,3.8,49.4,0.0,0,0.0,37.1,21.7,50.4,16.0,10.0,partly-cloudy-day
2022-11-20,4401,0,1,4,2.0,32.8,0.0,0,0.0,64.4,40.0,20.0,16.0,10.0,clear-day
2022-11-21,6160,0,0,4,3.0,44.6,0.0,0,0.0,29.5,23.5,1.1,16.0,10.0,clear-day
2022-11-22,6927,0,0,4,6.4,47.2,0.0,0,0.0,20.2,21.7,9.5,16.0,10.0,clear-day
2022-11-23,7011,0,0,4,7.7,56.1,0.0,0,0.0,20.2,20.0,6.3,15.9,10.0,clear-day
2022-11-24,4247,1,0,4,7.7,61.4,0.0,0,0.0,20.5,14.3,39.1,15.7,10.0,partly-cloudy-day
2022-11-25,4606,0,0,4,10.6,68.9,3.775,100,0.0,51.2,31.1,62.7,15.8,10.0,rain
2022-11-26,7149,0,1,4,9.3,53.6,0.0,0,0.0,31.6,16.6,32.2,16.0,10.0,partly-cloudy-day
2022-11-27,2968,0,1,4,10.7,80.1,6.07,100,0.0,47.9,29.1,91.4,13.3,10.0,rain
2022-11-28,7299,0,0,4,10.8,68.8,0.005,100,0.0,68.8,39.8,80.1,15.8,10.0,rain
2022-11-29,8284,0,0,4,7.3,71.5,0.0,0,0.0,28.1,16.2,76.6,16.0,10.0,partly-cloudy-day
2022-11-30,5997,0,0,4,10.3,71.7,7.873,100,0.0,53.0,31.2,78.1,14.7,10.0,rain
2022-12-01,7745,0,0,1,5.0,39.5,0.0,0,0.0,60.1,34.2,35.6,16.0,10.0,partly-cloudy-day
2022-12-02,7985,0,0,1,5.0,58.7,0.0,0,0.0,35.3,20.1,61.0,16.0,10.0,partly-cloudy-day
2022-12-03,7599,0,1,1,12.5,73.7,7.839,100,0.0,53.6,33.0,87.2,15.5,10.0,rain
2022-12-04,6865,0,1,1,5.1,54.7,0.0,0,0.0,36.4,23.4,34.8,16.0,10.0,partly-cloudy-day
2022-12-05,6839,0,0,1,4.2,66.0,0.0,0,0.0,25.9,16.3,49.5,15.9,10.0,partly-cloudy-day
2022-12-06,5315,0,0,1,7.0,90.3,4.325,100,0.0,29.5,14.5,98.5,10.5,10.0,rain
2022-12-07,7684,0,0,1,12.0,94.7,1.288,100,0.0,25.6,12.7,99.6,11.3,10.0,rain
2022-12-08,8845,0,0,1,10.7,74.9,0.0,0,0.0,27.7,19.6,87.4,13.2,10.0,partly-cloudy-day
2022-12-09,8108,0,0,1,6.8,57.7,0.0,0,0.0,27.7,19.4,22.8,16.0,10.0,partly-cloudy-day
2022-12-10,7096,0,1,1,4.3,65.6,0.0,0,0.0,24.1,12.5,63.9,16.0,10.0,partly-cloudy-day
2022-12-11,6352,0,1,1,6.4,83.1,0.0,0,0.0,31.3,12.5,83.4,14.8,10.0,partly-cloudy-day
2022-12-12,6227,0,0,1,5.8,61.3,0.0,0,0.0,38.9,27.0,92.1,16.0,10.0,cloudy
2022-12-13,7043,0,0,1,3.0,53.8,0.0,0,0.0,27.7,24.7,46.2,16.0,10.0,partly-cloudy-day
2022-12-14,7251,0,0,1,2.2,55.3,0.0,0,0.0,16.6,14.0,74.8,16.0,10.0,partly-cloudy-day
2022-12-15,1970,0,0,1,4.3,87.3,42.712,100,1.6,35.3,21.9,99.9,7.9,10.0,snow
2022-12-16,7139,0,0,1,7.1,68.6,0.192,100,0.0,48.8,28.8,70.6,14.5,10.0,rain
2022-12-17,6547,0,1,1,5.9,51.8,0.0,0,0.0,37.1,21.9,73.6,16.0,10.0,partly-cloudy-day
2022-12-18,4626,0,1,1,3.9,49.6,0.0,0,0.0,49.9,32.7,63.1,16.0,10.0,partly-cloudy-day
2022-12-19,4829,0,0,1,1.7,51.7,0.0,0,0.0,40.7,26.9,46.4,16.0,10.0,partly-cloudy-day
2022-12-20,5406,0,0,1,1.2,56.7,0.0,0,0.0,25.9,15.9,59.2,16.0,10.0,partly-cloudy-day
2022-12-21,5155,0,0,1,2.0,65.0,0.0,0,0.0,11.2,17.4,61.0,16.0,10.0,partly-cloudy-day
2022-12-22,1451,0,0,1,5.8,86.7,26.15,100,0.0,47.6,30.2,99.7,11.2,10.0,rain
2022-12-23,1549,0,0,1,0.4,64.2,3.078,100,0.0,78.9,47.9,68.0,12.8,10.0,rain
2022-12-24,983,0,1,1,-9.7,46.1,0.0,0,0.0,48.2,25.6,33.0,16.0,10.0,partly-cloudy-day
2022-12-25,838,0,1,1,-4.9,54.5,0.0,0,0.0,35.3,20.3,9.5,16.0,10.0,clear-day
2022-12-26,1684,1,0,1,-2.6,51.5,0.0,0,0.0,20.5,14.2,54.2,16.0,10.0,partly-cloudy-day
2022-12-27,3297,0,0,1,1.6,55.3,0.0,0,0.0,16.6,9.3,49.7,16.0,10.0,partly-cloudy-day
2022-12-28,4341,0,0,1,2.5,64.2,0.0,0,0.0,24.1,19.9,46.1,16.0,10.0,partly-cloudy-day
2022-12-29,5348,0,0,1,4.7,64.9,0.0,0,0.0,18.4,12.6,44.8,15.9,10.0,partly-cloudy-day
2022-12-30,6488,0,0,1,7.8,74.4,0.0,0,0.0,33.5,16.2,42.2,15.7,10.0,partly-cloudy-day
2022-12-31,3390,0,1,1,10.7,96.9,5.04,100,0.0,24.1,17.9,96.4,8.9,10.0,rain
2023-01-01,6461,0,1,1,11.0,82.2,0.101,100,0.0,22.3,14.2,47.7,14.6,10.0,rain
2023-01-02,6952,1,0,1,10.5,79.3,0.0,0,0.0,16.6,14.7,87.8,15.9,10.0,partly-cloudy-day
2023-01-03,7224,0,0,1,15.2,78.5,0.0,0,0.0,47.1,28.5,90.8,15.6,10.0,cloudy
2023-01-04,7414,0,0,1,15.3,85.4,0.0,0,0.0,50.0,22.8,85.1,15.9,10.0,partly-cloudy-day
2023-01-05,8070,0,0,1,13.5,70.4,0.0,0,0.0,22.3,20.2,75.8,15.9,10.0,partly-cloudy-day
2023-01-06,6420,0,0,1,8.9,55.1,0.0,0,0.0,53.5,34.1,88.5,16.0,10.0,partly-cloudy-day
2023-01-07,6862,0,1,1,6.6,50.8,0.0,0,0.0,37.1,24.7,61.0,16.0,10.0,partly-cloudy-day
2023-01-08,4927,0,1,1,3.3,66.3,0.267,100,0.0,22.3,26.7,59.7,15.9,10.0,rain
2023-01-09,6265,0,0,1,5.8,61.7,0.0,0,0.0,50.2,27.5,31.7,15.2,10.0,partly-cloudy-day
2023-01-10,7013,0,0,1,4.6,57.1,0.0,0,0.0,24.1,15.8,60.5,16.0,10.0,partly-cloudy-day
2023-01-11,6894,0,0,1,4.4,72.9,0.476,100,0.0,24.1,17.4,72.8,15.5,10.0,rain
2023-01-12,6401,0,0,1,8.5,84.2,3.225,100,0.0,50.0,16.8,95.3,14.9,10.0,rain
2023-01-13,6230,0,0,1,9.0,68.3,6.331,100,0.0,53.6,36.5,83.5,15.6,10.0,rain
2023-01-14,4706,0,1,1,2.2,58.0,0.0,0,0.0,56.1,39.3,98.8,16.0,10.0,cloudy
2023-01-15,5089,0,1,1,2.4,51.5,0.0,0,0.0,49.2,32.7,17.9,16.0,10.0,clear-day
2023-01-16,6124,1,0,1,5.4,39.0,0.0,0,0.0,35.3,23.8,36.7,16.0,10.0,partly-cloudy-day
2023-01-17,5648,0,0,1,5.2,83.8,1.417,100,0.0,20.5,12.9,90.5,13.8,10.0,rain
2023-01-18,7887,0,0,1,8.8,73.3,0.0,0,0.0,38.9,23.7,42.8,14.8,10.0,partly-cloudy-day
2023-01-19,5616,0,0,1,7.0,81.5,1.948,100,0.0,20.5,16.0,97.9,13.5,10.0,rain
2023-01-20,7054,0,0,1,7.8,61.6,0.0,0,0.0,57.8,37.7,75.8,13.4,10.0,partly-cloudy-day
2023-01-21,6676,0,1,1,5.1,55.3,0.0,0,0.0,35.3,21.7,78.7,16.0,10.0,partly-cloudy-day
2023-01-22,3837,0,1,1,3.2,83.1,5.943,100,0.0,27.7,21.5,89.3,13.0,10.0,rain
2023-01-23,5489,0,0,1,5.6,71.8,2.188,100,0.0,56.6,39.3,96.2,14.9,10.0,rain
2023-01-24,7449,0,0,1,5.1,56.3,0.0,0,0.0,40.7,16.6,62.4,16.0,10.0,partly-cloudy-day
2023-01-25,4206,0,0,1,4.9,81.6,12.065,100,0.0,38.9,18.2,95.8,11.8,10.0,rain
2023-01-26,7198,0,0,1,7.2,60.6,0.022,100,0.0,61.2,34.4,75.2,15.9,10.0,rain
2023-01-27,6520,0,0,1,3.9,50.1,0.0,0,0.0,35.3,23.5,46.9,16.0,10.0,partly-cloudy-day
2023-01-28,8391,0,1,1,6.7,52.2,0.0,0,0.0,31.7,21.3,59.2,16.0,10.0,partly-cloudy-day
2023-01-29,4501,0,1,1,7.1,70.1,0.885,100,0.0,33.5,21.8,80.2,15.9,10.0,rain
2023-01-30,7310,0,0,1,9.2,76.6,0.0,0,0.0,16.6,14.0,64.1,15.8,10.0,partly-cloudy-day
2023-01-31,4594,0,0,1,5.2,86.6,4.194,100,0.0,33.5,23.2,85.5,14.3,10.0,rain
2023-02-01,6632,0,0,1,2.0,59.4,1.093,100,1.1,25.9,24.6,81.8,14.7,10.0,snow
2023-02-02,6487,0,0,1,2.2,59.2,0.0,0,0.0,20.5,18.2,94.5,16.0,10.0,cloudy
2023-02-03,4446,0,0,1,-0.2,43.4,0.0,0,0.0,68.7,45.2,54.6,15.9,10.0,partly-cloudy-day
2023-02-04,3841,0,1,1,-4.2,37.9,0.0,0,0.0,49.3,27.3,27.8,16.0,10.0,partly-cloudy-day
2023-02-05,6119,0,1,1,6.8,42.6,0.0,0,0.0,52.9,28.9,79.7,16.0,10.0,partly-cloudy-day
2023-02-06,6450,0,0,1,8.7,55.0,0.0,0,0.0,51.8,32.3,65.0,16.0,10.0,partly-cloudy-day
2023-02-07,7400,0,0,1,5.2,67.5,0.0,0,0.0,33.5,18.5,66.2,15.5,10.0,partly-cloudy-day
2023-02-08,9212,0,0,1,11.8,53.1,0.0,0,0.0,35.3,23.9,85.6,15.9,10.0,partly-cloudy-day
2023-02-09,8932,0,0,1,12.8,65.1,0.0,0,0.0,42.5,25.8,87.9,16.0,10.0,partly-cloudy-day
2023-02-10,8837,0,0,1,14.2,51.0,0.0,0,0.0,54.2,34.1,70.4,16.0,10.0,partly-cloudy-day
2023-02-11,7943,0,1,1,7.3,41.3,0.0,0,0.0,45.9,28.5,80.8,16.0,10.0,partly-cloudy-day
2023-02-12,2242,0,1,1,4.2,75.6,20.454,100,0.0,47.9,29.1,91.3,13.4,10.0,rain
2023-02-13,7328,0,0,1,8.2,46.8,0.573,100,0.0,36.5,25.4,62.2,16.0,10.0,rain
2023-02-14,8788,0,0,1,8.9,51.3,0.0,0,0.0,16.6,16.5,56.6,15.9,10.0,partly-cloudy-day
2023-02-15,8929,0,0,1,13.5,55.3,0.267,100,0.0,47.9,27.0,82.3,16.0,10.0,rain
2023-02-16,6620,0,0,1,12.5,86.4,3.485,100,0.0,33.5,18.1,90.3,14.2,10.0,rain
2023-02-17,4736,0,0,1,10.8,75.5,17.224,100,0.0,73.2,40.5,88.9,13.9,10.0,rain
2023-02-18,6679,0,1,1,2.7,45.6,0.0,0,0.0,55.7,33.9,31.6,16.0,10.0,partly-cloudy-day
2023-02-19,8338,0,1,1,9.3,54.0,0.0,0,0.0,50.7,32.3,64.6,16.0,10.0,partly-cloudy-day
2023-02-20,7312,1,0,1,11.3,69.3,0.0,0,0.0,25.9,20.3,86.5,16.0,10.0,partly-cloudy-day
2023-02-21,8396,0,0,1,12.3,59.1,0.278,100,0.0,64.8,25.3,72.6,16.0,10.0,rain
2023-02-22,7542,0,0,1,9.2,54.0,0.502,100,0.0,29.5,19.8,86.9,16.0,10.0,rain
2023-02-23,11116,0,0,1,13.9,68.0,0.0,0,0.0,35.3,17.4,53.3,15.7,10.0,partly-cloudy-day
2023-02-24,7846,0,0,1,12.6,35.7,0.0,0,0.0,73.5,44.4,44.2,16.0,10.0,partly-cloudy-day
2023-02-25,4808,0,1,1,2.5,65.4,0.272,100,0.0,27.7,19.4,92.2,14.9,10.0,rain
2023-02-26,7519,0,1,1,6.8,73.2,0.0,0,0.0,35.3,21.7,67.3,15.3,10.0,partly-cloudy-day
2023-02-27,5350,0,0,1,7.6,64.6,4.138,100,0.0,40.7,20.6,80.9,15.7,10.0,rain
2023-02-28,8382,0,0,1,9.3,74.4,2.727,100,0.0,46.4,23.7,70.5,14.6,10.0,rain
2023-03-01,8791,0,0,2,9.0,74.8,0.0,0,0.0,29.5,25.6,40.7,14.7,10.0,partly-cloudy-day
2023-03-02,8721,0,0,2,12.9,69.3,1.317,100,0.0,33.5,20.2,86.1,15.8,10.0,rain
2023-03-03,4110,0,0,2,7.4,73.2,5.547,100,0.0,39.0,24.9,90.6,13.2,10.0,rain
2023-03-04,8846,0,1,2,9.6,60.3,1.873,100,0.0,70.4,43.9,53.7,16.0,10.0,rain
2023-03-05,9972,0,1,2,10.2,52.9,0.0,0,0.0,52.3,32.9,20.7,16.0,10.0,partly-cloudy-day
2023-03-06,8167,0,0,2,9.2,50.9,0.0,0,0.0,18.4,15.8,53.6,16.0,10.0,partly-cloudy-day
2023-03-07,7775,0,0,2,8.2,46.6,0.0,0,0.0,71.2,42.6,46.5,16.0,10.0,partly-cloudy-day
2023-03-08,8223,0,0,2,6.5,40.3,0.0,0,0.0,54.8,34.5,15.3,16.0,10.0,clear-day
2023-03-09,9020,0,0,2,7.7,49.2,0.0,0,0.0,33.1,20.3,35.5,16.0,10.0,partly-cloudy-day
2023-03-10,4708,0,0,2,6.5,75.7,3.798,100,0.0,42.5,16.6,90.4,14.0,10.0,rain
2023-03-11,7025,0,1,2,5.9,53.3,0.0,0,0.0,60.5,39.8,92.8,16.0,10.0,cloudy
2023-03-12,4816,0,1,2,3.1,72.5,0.579,100,0.0,18.4,14.2,75.8,15.9,10.0,rain
2023-03-13,6310,0,0,2,6.2,78.9,1.094,100,0.0,42.5,28.7,96.2,13.1,10.0,rain
2023-03-14,5980,0,0,2,3.6,43.4,0.0,0,0.0,74.8,45.5,48.0,16.0,10.0,partly-cloudy-day
2023-03-15,6720,0,0,2,5.1,36.9,0.0,0,0.0,71.2,42.2,21.7,16.0,10.0,partly-cloudy-day
2023-03-16,9948,0,0,2,9.4,32.1,0.0,0,0.0,27.7,25.0,54.8,16.0,10.0,partly-cloudy-day
2023-03-17,8657,0,0,2,12.9,53.1,0.296,100,0.0,46.9,31.0,91.6,15.7,10.0,rain
2023-03-18,11487,0,1,2,8.8,42.0,0.354,100,0.0,54.2,38.1,77.0,16.0,10.0,rain
2023-03-19,5580,0,1,2,2.8,32.3,0.0,0,0.0,54.3,31.9,35.7,16.0,10.0,partly-cloudy-day
2023-03-20,8080,0,0,2,4.7,37.1,0.0,0,0.0,27.7,18.4,19.9,16.0,10.0,clear-day
2023-03-21,10689,0,0,2,8.6,43.4,0.0,0,0.0,20.5,15.9,50.9,16.0,10.0,partly-cloudy-day
2023-03-22,12156,0,0,2,13.1,40.7,0.0,0,0.0,45.6,28.9,84.1,16.0,10.0,partly-cloudy-day
2023-03-23,13639,0,0,2,17.8,60.8,0.0,0,0.0,55.4,26.0,81.2,16.0,10.0,partly-cloudy-day
2023-03-24,4909,0,0,2,12.9,80.9,18.302,100,0.0,22.3,26.0,98.0,14.4,10.0,rain
2023-03-25,7055,0,1,2,8.6,90.7,3.951,100,0.0,37.1,21.3,100.0,11.1,10.0,rain
2023-03-26,17735,0,1,2,14.3,50.5,0.0,0,0.0,43.5,23.7,28.7,12.8,10.0,partly-cloudy-day
2023-03-27,9778,0,0,2,12.4,75.5,0.511,100,0.0,27.7,17.8,70.9,15.4,10.0,rain
2023-03-28,11538,0,0,2,11.5,57.5,0.0,0,0.0,40.5,25.7,63.8,16.0,10.0,partly-cloudy-day
2023-03-29,11927,0,0,2,11.1,43.4,0.0,0,0.0,20.5,21.3,56.4,16.0,10.0,partly-cloudy-day
2023-03-30,10913,0,0,2,8.1,39.7,0.0,0,0.0,61.0,35.7,13.5,16.0,10.0,clear-day
2023-03-31,11126,0,0,2,12.1,62.5,0.0,0,0.0,69.4,43.5,70.3,16.0,10.0,partly-cloudy-day
2023-04-01,10686,0,1,2,18.0,70.3,6.493,100,0.0,90.3,58.1,86.0,15.6,30.0,rain
2023-04-02,12056,0,1,2,10.6,42.6,0.0,0,0.0,74.7,45.3,40.3,16.0,10.0,partly-cloudy-day
2023-04-03,11973,0,0,2,13.3,56.9,0.0,0,0.0,50.0,35.9,58.5,16.0,10.0,partly-cloudy-day
2023-04-04,14341,0,0,2,19.3,59.6,0.0,0,0.0,38.9,20.6,24.5,16.0,10.0,partly-cloudy-day
2023-04-05,14237,0,0,2,22.5,67.9,0.0,0,0.0,47.7,32.6,78.4,15.9,10.0,partly-cloudy-day
2023-04-06,11558,0,0,2,23.3,63.0,0.823,100,0.0,70.3,44.8,85.5,15.7,10.0,rain
2023-04-07,10626,0,0,2,12.7,42.9,0.289,100,0.0,46.0,30.2,92.1,16.0,10.0,rain
2023-04-08,12138,0,1,2,9.4,41.6,0.0,0,0.0,40.7,30.1,88.7,16.0,10.0,partly-cloudy-day
2023-04-09,11145,0,1,2,10.6,47.1,0.0,0,0.0,13.0,16.0,33.9,16.0,10.0,partly-cloudy-day
2023-04-10,11313,0,0,2,11.8,44.8,0.0,0,0.0,11.2,17.2,2.0,16.0,10.0,clear-day
2023-04-11,13277,0,0,2,15.7,41.8,0.0,0,0.0,33.5,19.2,36.4,16.0,10.0,partly-cloudy-day
2023-04-12,14163,0,0,2,20.9,44.1,0.0,0,0.0,44.6,26.9,47.3,16.0,10.0,partly-cloudy-day
2023-04-13,14454,0,0,2,21.9,47.0,0.0,0,0.0,31.7,17.8,6.4,16.0,10.0,clear-day
2023-04-14,13579,0,0,2,20.3,63.4,0.0,0,0.0,38.9,23.3,85.7,15.9,10.0,partly-cloudy-day
2023-04-15,14054,0,1,2,20.3,83.6,9.046,100,0.0,18.4,21.5,87.7,15.5,10.0,rain
2023-04-16,13521,0,1,2,21.3,74.1,0.0,0,0.0,27.7,22.2,77.5,15.9,10.0,partly-cloudy-day
2023-04-17,10647,0,0,2,16.9,46.3,0.27,100,0.0,53.1,34.5,81.1,16.0,10.0,rain
2023-04-18,12761,0,0,2,16.0,35.7,0.0,0,0.0,50.2,26.8,21.7,16.0,10.0,partly-cloudy-day
2023-04-19,13331,0,0,2,15.5,43.6,0.0,0,0.0,31.3,18.3,27.8,16.0,10.0,partly-cloudy-day
2023-04-20,13730,0,0,2,20.4,60.3,0.0,0,0.0,14.8,16.0,52.5,15.8,10.0,partly-cloudy-day
2023-04-21,14208,0,0,2,22.0,60.6,0.0,0,0.0,37.1,22.2,34.4,15.4,10.0,partly-cloudy-day
2023-04-22,9389,0,1,2,18.9,68.5,10.388,100,0.0,67.2,34.3,77.4,15.3,10.0,rain
2023-04-23,12793,0,1,2,14.2,57.2,0.0,0,0.0,44.4,28.3,59.0,16.0,10.0,partly-cloudy-day
2023-04-24,11142,0,0,2,11.6,41.5,0.0,0,0.0,42.5,25.9,59.9,16.0,10.0,partly-cloudy-day
2023-04-25,12339,0,0,2,11.7,45.3,0.0,0,0.0,33.5,17.2,73.6,16.0,10.0,partly-cloudy-day
2023-04-26,12180,0,0,2,13.5,63.7,0.293,100,0.0,37.1,21.6,69.0,15.9,10.0,rain
2023-04-27,12861,0,0,2,15.9,68.6,0.0,0,0.0,20.5,24.9,82.8,16.0,10.0,partly-cloudy-day
2023-04-28,2531,0,0,2,13.4,91.0,30.259,100,0.0,64.8,35.6,98.6,9.0,10.0,rain
2023-04-29,14576,0,1,2,15.3,84.8,3.669,100,0.0,22.3,17.3,94.2,12.7,10.0,rain
2023-04-30,5249,0,1,2,16.3,86.0,9.635,100,0.0,56.1,31.9,98.6,13.0,10.0,rain
2023-05-01,10837,0,0,2,13.7,50.6,0.018,100,0.0,53.6,37.5,77.9,16.0,10.0,rain
2023-05-02,9901,0,0,2,11.9,62.2,0.0,0,0.0,51.8,27.4,92.3,15.9,10.0,cloudy
2023-05-03,10651,0,0,2,11.0,58.2,0.267,100,0.0,58.1,28.5,93.0,16.0,10.0,rain
2023-05-04,12087,0,0,2,12.7,60.1,0.0,0,0.0,33.5,21.6,74.6,16.0,10.0,partly-cloudy-day
2023-05-05,13219,0,0,2,15.0,60.4,0.0,0,0.0,29.5,19.5,46.6,16.0,10.0,partly-cloudy-day
2023-05-06,15392,0,1,2,16.7,58.8,0.0,0,0.0,29.5,14.0,51.6,16.0,10.0,partly-cloudy-day
2023-05-07,11003,0,1,2,17.3,77.2,0.504,100,0.0,33.5,15.8,71.3,16.0,10.0,rain
2023-05-08,11919,0,0,2,21.5,71.4,0.058,100,0.0,33.5,20.2,74.6,13.8,10.0,rain
2023-05-09,11618,0,0,2,17.7,67.0,2.615,100,0.0,29.5,16.1,77.5,15.9,10.0,rain
2023-05-10,14308,0,0,2,16.3,58.3,0.0,0,0.0,9.4,12.6,74.9,16.0,10.0,partly-cloudy-day
2023-05-11,14210,0,0,2,18.5,68.8,0.0,0,0.0,14.8,19.9,69.0,16.0,10.0,partly-cloudy-day
2023-05-12,14230,0,0,2,21.8,70.7,0.0,0,0.0,16.6,19.6,78.4,16.0,10.0,partly-cloudy-day
2023-05-13,9464,0,1,2,20.4,83.7,2.28,100,0.0,18.4,23.0,91.0,15.1,10.0,rain
2023-05-14,13928,0,1,2,20.2,55.3,0.0,0,0.0,25.9,19.4,42.7,15.9,10.0,partly-cloudy-day
2023-05-15,12496,0,0,2,18.2,42.6,0.0,0,0.0,37.1,21.9,68.1,16.0,10.0,partly-cloudy-day
2023-05-16,12507,0,0,2,19.9,67.9,0.0,0,0.0,50.0,24.6,83.7,16.0,10.0,partly-cloudy-day
2023-05-17,14038,0,0,2,20.2,50.0,0.0,0,0.0,43.9,30.7,59.3,16.0,10.0,partly-cloudy-day
2023-05-18,13861,0,0,2,15.7,45.2,0.0,0,0.0,25.9,21.4,38.3,16.0,10.0,partly-cloudy-day
2023-05-19,14951,0,0,2,18.1,64.9,0.0,0,0.0,35.3,25.1,71.8,16.0,10.0,partly-cloudy-day
2023-05-20,14105,0,1,2,19.4,76.9,3.85,100,0.0,47.9,26.5,83.5,15.4,10.0,rain
2023-05-21,13778,0,1,2,20.2,56.4,0.561,100,0.0,40.3,25.3,29.9,16.0,10.0,rain
2023-05-22,12652,0,0,2,21.3,53.7,0.0,0,0.0,20.5,17.5,55.7,16.0,10.0,partly-cloudy-day
2023-05-23,13815,0,0,2,19.5,59.5,0.0,0,0.0,29.5,20.3,84.9,15.7,10.0,partly-cloudy-day
2023-05-24,13889,0,0,2,19.9,53.5,0.0,0,0.0,18.4,17.2,65.0,16.0,10.0,partly-cloudy-day
2023-05-25,13719,0,0,2,18.6,45.8,0.0,0,0.0,49.5,31.9,53.3,16.0,10.0,partly-cloudy-day
2023-05-26,13856,0,0,2,18.3,51.2,0.0,0,0.0,29.5,21.1,45.9,16.0,10.0,partly-cloudy-day
2023-05-27,14688,0,1,2,19.0,45.6,0.0,0,0.0,35.3,23.2,64.7,16.0,10.0,partly-cloudy-day
2023-05-28,12708,0,1,2,19.0,60.0,0.278,100,0.0,22.3,18.1,95.2,15.6,10.0,rain
2023-05-29,7111,1,0,2,19.8,82.4,18.596,100,0.0,40.7,27.7,97.2,14.4,30.0,rain
2023-05-30,12688,0,0,2,18.8,71.1,3.036,100,0.0,33.5,23.1,85.4,15.7,10.0,rain
2023-05-31,14188,0,0,2,19.0,58.7,0.0,0,0.0,14.8,14.1,22.5,15.1,10.0,partly-cloudy-day
2023-06-01,14205,0,0,3,22.2,62.9,0.0,0,0.0,16.6,17.8,19.7,14.2,10.0,clear-day
2023-06-02,13714,0,0,3,25.3,58.6,0.0,0,0.0,18.4,15.4,18.8,13.4,10.0,clear-day
2023-06-03,15405,0,1,3,24.1,64.7,0.0,0,0.0,35.3,27.9,72.6,16.0,30.0,partly-cloudy-day
2023-06-04,13960,0,1,3,19.2,62.6,0.0,0,0.0,40.7,21.1,77.6,16.0,10.0,partly-cloudy-day
2023-06-05,12662,0,0,3,20.8,57.0,0.0,0,0.0,31.7,20.9,67.6,16.0,10.0,partly-cloudy-day
2023-06-06,14173,0,0,3,22.5,41.7,0.0,0,0.0,41.7,25.6,83.3,13.2,10.0,partly-cloudy-day
2023-06-07,12980,0,0,3,22.2,41.8,0.0,0,0.0,33.5,25.0,62.4,7.4,10.0,partly-cloudy-day
2023-06-08,10465,0,0,3,20.4,48.4,0.0,0,0.0,29.5,21.8,74.5,4.8,10.0,partly-cloudy-day
2023-06-09,13233,0,0,3,20.2,46.9,0.0,0,0.0,51.8,24.0,69.5,15.8,10.0,partly-cloudy-day
2023-06-10,16187,0,1,3,22.9,46.5,0.0,0,0.0,35.3,22.9,41.9,16.0,10.0,partly-cloudy-day
2023-06-11,14290,0,1,3,25.1,53.9,0.0,0,0.0,40.7,23.9,67.8,15.5,10.0,partly-cloudy-day
2023-06-12,10461,0,0,3,23.7,68.8,5.463,100,0.0,47.3,25.1,88.8,15.5,30.0,rain
2023-06-13,14582,0,0,3,22.0,53.6,0.0,0,0.0,31.7,20.0,55.5,16.0,10.0,partly-cloudy-day
2023-06-14,14842,0,0,3,22.2,53.5,0.0,0,0.0,57.6,37.6,64.2,15.7,10.0,partly-cloudy-day
2023-06-15,15155,0,0,3,23.0,43.3,0.0,0,0.0,37.1,21.6,45.6,15.9,10.0,partly-cloudy-day
2023-06-16,13500,0,0,3,22.7,62.2,0.035,100,0.0,50.4,37.3,86.2,15.0,10.0,rain
2023-06-17,15689,0,1,3,23.3,51.7,0.0,0,0.0,48.5,32.3,47.7,13.2,10.0,partly-cloudy-day
2023-06-18,14104,0,1,3,24.5,41.4,0.0,0,0.0,25.9,17.8,28.1,13.2,10.0,partly-cloudy-day
2023-06-19,13228,1,0,3,25.2,59.9,0.011,100,0.0,37.1,23.4,70.5,11.9,10.0,rain
2023-06-20,14240,0,0,3,24.2,69.2,0.011,100,0.0,46.4,30.0,83.6,13.2,10.0,rain
2023-06-21,6029,0,0,3,18.9,85.0,10.605,100,0.0,62.4,38.9,97.9,12.9,10.0,rain
2023-06-22,11112,0,0,3,18.1,91.2,1.278,100,0.0,38.9,23.6,100.0,10.5,10.0,rain
2023-06-23,8339,0,0,3,21.9,91.4,6.159,100,0.0,27.7,14.9,94.7,11.5,30.0,rain
2023-06-24,15290,0,1,3,25.3,76.7,0.299,100,0.0,14.8,16.2,87.9,15.7,30.0,rain
2023-06-25,14387,0,1,3,27.0,63.3,0.0,0,0.0,16.6,21.0,51.9,16.0,30.0,partly-cloudy-day
2023-06-26,11720,0,0,3,27.1,70.0,0.0,0,0.0,37.1,23.2,81.8,15.6,30.0,partly-cloudy-day
2023-06-27,11789,0,0,3,23.4,75.2,19.155,100,0.0,54.1,26.4,85.4,15.7,30.0,rain
2023-06-28,14577,0,0,3,23.7,64.8,0.0,0,0.0,43.1,25.2,67.4,10.7,10.0,partly-cloudy-day
2023-06-29,12566,0,0,3,24.3,58.3,0.0,0,0.0,11.2,15.8,22.4,6.0,10.0,partly-cloudy-day
2023-06-30,11781,0,0,3,24.5,75.9,10.846,100,0.0,50.0,24.0,65.3,8.5,10.0,rain
2023-07-01,11893,0,1,3,25.1,79.2,6.291,100,0.0,50.0,20.2,79.2,10.4,30.0,rain
2023-07-02,12295,0,1,3,27.0,79.8,0.446,100,0.0,29.5,20.2,85.0,15.1,60.0,rain
2023-07-03,12898,0,0,3,27.9,71.3,0.288,100,0.0,35.3,24.9,82.3,16.0,30.0,rain
2023-07-04,18392,1,0,3,27.7,69.7,20.227,100,0.0,54.2,21.6,64.8,15.5,60.0,rain
2023-07-05,12516,0,0,3,28.2,67.7,0.0,0,0.0,40.7,24.4,74.1,15.0,30.0,partly-cloudy-day
2023-07-06,13363,0,0,3,27.6,74.6,3.792,100,0.0,44.0,21.8,56.5,15.4,30.0,rain
2023-07-07,13290,0,0,3,26.9,77.8,17.779,100,0.0,13.0,17.2,56.4,15.0,30.0,rain
2023-07-08,14854,0,1,3,27.1,77.2,10.992,100,0.0,53.6,31.2,74.0,15.4,60.0,rain
2023-07-09,12413,0,1,3,25.3,81.2,3.215,100,0.0,40.2,22.7,81.7,15.6,60.0,rain
2023-07-10,13415,0,0,3,25.9,64.5,0.0,0,0.0,29.5,20.4,64.9,16.0,10.0,partly-cloudy-day
2023-07-11,14599,0,0,3,27.2,50.6,0.0,0,0.0,29.5,16.0,36.1,16.0,10.0,partly-cloudy-day
2023-07-12,14237,0,0,3,27.9,55.8,0.0,0,0.0,38.9,19.6,43.7,15.9,10.0,partly-cloudy-day
2023-07-13,13858,0,0,3,29.0,61.7,0.0,0,0.0,42.5,28.1,63.9,15.9,30.0,partly-cloudy-day
2023-07-14,12126,0,0,3,27.1,66.1,31.247,100,0.0,72.1,23.5,76.2,15.8,30.0,rain
2023-07-15,14918,0,1,3,26.5,82.3,0.323,100,0.0,50.0,31.0,76.8,15.2,60.0,rain
2023-07-16,12170,0,1,3,26.5,82.0,3.587,100,0.0,24.1,10.8,84.8,15.7,60.0,rain
2023-07-17,12984,0,0,3,27.6,66.7,0.0,0,0.0,18.4,21.0,52.0,11.2,30.0,partly-cloudy-day
2023-07-18,14736,0,0,3,27.8,61.3,0.0,0,0.0,27.7,17.6,51.0,12.7,10.0,partly-cloudy-day
2023-07-19,14201,0,0,3,26.5,74.7,12.244,100,0.0,14.8,15.4,76.7,14.9,60.0,rain
2023-07-20,15217,0,0,3,27.4,67.4,0.0,0,0.0,16.6,17.4,46.9,14.3,60.0,partly-cloudy-day
2023-07-21,15300,0,0,3,26.3,67.5,9.595,100,0.0,76.0,41.4,71.0,15.4,30.0,rain
2023-07-22,16830,0,1,3,25.6,57.3,0.0,0,0.0,25.9,19.1,64.4,16.0,10.0,partly-cloudy-day
2023-07-23,14397,0,1,3,26.0,63.5,0.0,0,0.0,16.6,20.3,39.0,16.0,10.0,partly-cloudy-day
2023-07-24,13161,0,0,3,26.1,72.9,1.159,100,0.0,20.5,18.3,71.7,16.0,30.0,rain
2023-07-25,13312,0,0,3,26.4,76.6,0.063,100,0.0,16.6,15.9,79.0,15.9,30.0,rain
2023-07-26,14505,0,0,3,26.3,73.5,0.0,0,0.0,24.1,23.0,30.6,15.7,30.0,partly-cloudy-day
2023-07-27,13178,0,0,3,29.3,70.4,0.143,100,0.0,57.2,30.1,66.0,15.6,60.0,rain
2023-07-28,11830,0,0,3,29.9,68.4,2.362,100,0.0,35.3,24.5,61.3,15.7,60.0,rain
2023-07-29,12720,0,1,3,27.6,72.1,12.091,100,0.0,96.1,47.0,73.8,16.0,60.0,rain
2023-07-30,14190,0,1,3,26.2,56.5,0.005,100,0.0,20.5,21.5,48.6,16.0,10.0,rain
2023-07-31,13185,0,0,3,25.2,62.7,9.369,100,0.0,36.8,21.8,60.3,15.6,10.0,rain
2023-08-01,14958,0,0,3,23.4,57.8,0.0,0,0.0,27.7,20.0,45.2,16.0,10.0,partly-cloudy-day
2023-08-02,15087,0,0,3,23.7,60.1,0.0,0,0.0,14.8,17.8,65.2,15.9,10.0,partly-cloudy-day
2023-08-03,12087,0,0,3,22.3,72.4,1.108,100,0.0,47.7,36.1,85.1,15.0,10.0,rain
2023-08-04,14222,0,0,3,22.7,80.8,0.91,100,0.0,48.1,30.6,84.6,13.7,10.0,rain
2023-08-05,15852,0,1,3,25.6,73.7,0.0,0,0.0,11.2,14.0,61.4,15.8,10.0,partly-cloudy-day
2023-08-06,11832,0,1,3,25.8,78.6,12.002,100,0.0,48.2,23.3,76.4,14.6,10.0,rain
2023-08-07,9222,0,0,3,25.5,83.6,9.191,100,0.0,81.0,56.0,88.0,15.5,60.0,rain
2023-08-08,14934,0,0,3,25.6,62.3,12.568,100,0.0,59.0,37.9,54.2,15.5,10.0,rain
2023-08-09,13978,0,0,3,26.0,57.0,0.0,0,0.0,38.9,21.4,39.0,16.0,10.0,partly-cloudy-day
2023-08-10,12450,0,0,3,25.4,75.5,2.554,100,0.0,59.0,24.2,79.4,15.4,30.0,rain
2023-08-11,14383,0,0,3,26.0,63.5,0.0,0,0.0,31.7,14.6,56.1,15.9,10.0,partly-cloudy-day
2023-08-12,14577,0,1,3,27.3,70.2,0.0,0,0.0,37.1,24.5,64.4,16.0,30.0,partly-cloudy-day
2023-08-13,12889,0,1,3,28.8,60.4,0.0,0,0.0,40.7,26.2,68.3,16.0,10.0,partly-cloudy-day
2023-08-14,10238,0,0,3,26.8,73.7,11.513,100,0.0,92.5,21.4,80.1,15.4,30.0,rain
2023-08-15,12783,0,0,3,26.8,79.8,9.841,100,0.0,37.1,19.8,78.5,15.0,30.0,rain
2023-08-16,14859,0,0,3,26.1,60.1,0.022,100,0.0,29.5,19.0,57.4,16.0,10.0,rain
2023-08-17,14222,0,0,3,26.9,70.0,0.0,0,0.0,33.5,20.4,59.1,16.0,30.0,partly-cloudy-day
2023-08-18,14406,0,0,3,25.7,59.8,0.022,100,0.0,46.4,25.7,57.8,15.9,30.0,rain
2023-08-19,16379,0,1,3,23.0,49.8,0.0,0,0.0,33.5,17.6,14.1,16.0,10.0,clear-day
2023-08-20,13577,0,1,3,24.9,63.9,0.0,0,0.0,22.3,19.6,19.6,16.0,10.0,clear-day
2023-08-21,12482,0,0,3,27.7,66.5,0.0,0,0.0,29.5,17.4,76.4,15.9,10.0,partly-cloudy-day
2023-08-22,14564,0,0,3,25.8,57.4,0.0,0,0.0,60.8,25.4,68.2,15.7,10.0,partly-cloudy-day
2023-08-23,15083,0,0,3,23.2,59.1,0.0,0,0.0,11.2,21.2,45.0,16.0,10.0,partly-cloudy-day
2023-08-24,14118,0,0,3,24.0,66.0,0.0,0,0.0,33.5,22.8,91.9,16.0,10.0,cloudy
2023-08-25,12421,0,0,3,27.0,72.2,11.287,100,0.0,70.2,28.5,81.5,15.7,30.0,rain
2023-08-26,15341,0,1,3,28.1,70.0,0.022,100,0.0,31.7,23.6,55.6,15.9,30.0,rain
2023-08-27,14013,0,1,3,27.0,62.2,0.0,0,0.0,18.4,22.8,79.2,16.0,10.0,partly-cloudy-day
2023-08-28,11941,0,0,3,24.3,80.4,0.284,100,0.0,20.5,17.3,89.5,16.0,10.0,rain
2023-08-29,13825,0,0,3,24.6,83.7,0.128,100,0.0,38.9,22.2,94.9,15.0,10.0,rain
2023-08-30,15306,0,0,3,26.3,64.2,0.0,0,0.0,37.1,26.4,85.4,15.8,10.0,partly-cloudy-day
2023-08-31,15553,0,0,3,23.2,50.0,0.0,0,0.0,44.4,30.4,52.0,16.0,10.0,partly-cloudy-day
2023-09-01,14836,0,0,4,21.8,51.4,0.0,0,0.0,16.6,17.3,15.3,16.0,10.0,clear-day
2023-09-02,15469,0,1,4,22.7,65.8,0.0,0,0.0,20.5,20.7,19.8,16.0,10.0,clear-day
2023-09-03,13802,0,1,4,27.4,61.3,0.0,0,0.0,27.7,16.9,25.6,16.0,10.0,partly-cloudy-day
2023-09-04,11867,1,0,4,29.8,57.5,0.0,0,0.0,35.3,19.9,60.6,16.0,30.0,partly-cloudy-day
2023-09-05,12891,0,0,4,30.0,57.9,0.0,0,0.0,27.7,19.7,53.5,16.0,30.0,partly-cloudy-day
2023-09-06,13990,0,0,4,30.0,60.1,0.0,0,0.0,11.2,12.4,40.6,16.0,60.0,partly-cloudy-day
2023-09-07,14001,0,0,4,29.1,66.8,0.0,0,0.0,27.7,18.6,51.8,15.6,60.0,partly-cloudy-day
2023-09-08,13725,0,0,4,27.4,66.7,10.032,100,0.0,50.0,21.7,78.6,15.7,30.0,rain
2023-09-09,11890,0,1,4,23.6,82.0,15.922,100,0.0,57.9,32.3,79.0,15.2,60.0,rain
2023-09-10,11872,0,1,4,23.9,81.4,3.77,100,0.0,13.0,9.1,87.3,15.6,30.0,rain
2023-09-11,13028,0,0,4,25.6,74.2,1.571,100,0.0,41.6,18.6,73.7,15.8,30.0,rain
2023-09-12,14569,0,0,4,26.1,72.3,0.184,100,0.0,31.7,18.5,65.7,16.0,30.0,rain
2023-09-13,15612,0,0,4,24.7,63.7,0.0,0,0.0,29.5,20.0,77.5,16.0,30.0,partly-cloudy-day
2023-09-14,15812,0,0,4,23.0,51.7,0.022,100,0.0,33.5,23.1,35.2,16.0,10.0,rain
2023-09-15,15241,0,0,4,19.9,51.6,0.0,0,0.0,40.7,25.2,14.2,16.0,10.0,clear-day
2023-09-16,16810,0,1,4,20.7,53.9,0.0,0,0.0,35.3,24.8,12.0,16.0,10.0,clear-day
2023-09-17,10716,0,1,4,19.9,76.6,0.899,100,0.0,59.2,24.6,72.2,15.9,10.0,rain
2023-09-18,12983,0,0,4,20.9,67.2,0.528,100,0.0,42.5,28.8,68.3,16.0,10.0,rain
2023-09-19,14546,0,0,4,20.8,55.1,0.0,0,0.0,38.7,25.8,27.3,16.0,10.0,partly-cloudy-day
2023-09-20,14756,0,0,4,20.6,57.7,0.0,0,0.0,7.6,12.1,46.9,16.0,10.0,partly-cloudy-day
2023-09-21,15013,0,0,4,20.9,63.3,0.0,0,0.0,14.8,12.6,66.7,16.0,10.0,partly-cloudy-day
2023-09-22,14519,0,0,4,19.6,67.7,0.081,100,0.0,51.7,33.5,86.3,16.0,10.0,rain
2023-09-23,3455,0,1,4,16.5,89.0,36.63,100,0.0,61.6,44.3,97.6,8.8,10.0,rain
2023-09-24,8113,0,1,4,19.0,90.4,19.66,100,0.0,48.5,32.7,99.3,11.6,10.0,rain
2023-09-25,11390,0,0,4,18.6,82.5,0.353,100,0.0,24.1,21.6,94.9,15.0,10.0,rain
2023-09-26,11411,0,0,4,15.9,90.7,1.094,100,0.0,35.3,20.2,99.7,10.7,10.0,rain
2023-09-27,15606,0,0,4,17.1,71.0,0.0,0,0.0,24.1,19.9,73.8,16.0,10.0,partly-cloudy-day
2023-09-28,15132,0,0,4,16.8,77.5,0.0,0,0.0,20.5,25.8,83.8,15.8,10.0,partly-cloudy-day
2023-09-29,15028,0,0,4,18.6,82.6,0.0,0,0.0,22.3,19.7,99.9,14.4,10.0,cloudy
2023-09-30,17074,0,1,4,20.4,76.2,0.0,0,0.0,24.1,22.5,92.3,16.0,10.0,cloudy
2023-10-01,15984,0,1,4,21.7,67.9,0.0,0,0.0,31.7,23.2,18.1,16.0,10.0,clear-day
2023-10-02,14133,0,0,4,22.4,67.7,0.0,0,0.0,13.0,12.4,21.4,15.9,10.0,partly-cloudy-day
2023-10-03,15195,0,0,4,23.0,71.2,0.0,0,0.0,11.2,11.9,31.7,15.7,10.0,partly-cloudy-day
2023-10-04,15588,0,0,4,21.8,72.8,0.0,0,0.0,14.8,14.2,21.1,14.9,10.0,partly-cloudy-day
2023-10-05,15078,0,0,4,20.7,77.3,0.0,0,0.0,24.1,16.3,59.2,15.7,10.0,partly-cloudy-day
2023-10-06,14664,0,0,4,22.3,82.9,0.0,0,0.0,13.0,10.6,85.1,15.7,10.0,partly-cloudy-day
2023-10-07,12969,0,1,4,17.8,67.4,2.089,100,0.0,54.7,31.2,55.0,15.5,10.0,rain
2023-10-08,12627,0,1,4,12.9,51.1,0.0,0,0.0,50.5,31.1,42.8,16.0,10.0,partly-cloudy-day
2023-10-09,11524,1,0,4,12.8,57.7,0.0,0,0.0,50.0,21.7,72.1,16.0,10.0,partly-cloudy-day
2023-10-10,13780,0,0,4,15.0,67.3,0.0,0,0.0,29.7,14.9,64.6,16.0,10.0,partly-cloudy-day
2023-10-11,14702,0,0,4,16.1,59.7,0.0,0,0.0,14.8,16.1,47.3,16.0,10.0,partly-cloudy-day
2023-10-12,15426,0,0,4,17.2,59.3,0.0,0,0.0,7.6,12.1,36.2,15.8,10.0,partly-cloudy-day
2023-10-13,15550,0,0,4,17.0,62.2,0.0,0,0.0,16.6,16.4,37.7,16.0,10.0,partly-cloudy-day
2023-10-14,7068,0,1,4,15.2,85.1,11.897,100,0.0,35.3,26.9,98.0,12.8,10.0,rain
2023-10-15,12171,0,1,4,13.0,67.8,1.091,100,0.0,47.9,32.6,69.3,15.3,10.0,rain
2023-10-16,12270,0,0,4,12.5,65.0,0.0,0,0.0,37.1,24.9,54.6,16.0,10.0,partly-cloudy-day
2023-10-17,13919,0,0,4,13.5,69.7,0.0,0,0.0,33.5,22.0,76.9,16.0,10.0,partly-cloudy-day
2023-10-18,14286,0,0,4,13.6,65.1,0.0,0,0.0,29.5,16.0,70.6,16.0,10.0,partly-cloudy-day
2023-10-19,15118,0,0,4,14.8,73.0,0.0,0,0.0,35.3,23.2,49.4,16.0,10.0,partly-cloudy-day
2023-10-20,11908,0,0,4,15.9,80.3,1.137,100,0.0,38.9,19.8,92.3,15.8,10.0,rain
2023-10-21,15458,0,1,4,15.4,62.3,0.022,100,0.0,64.8,37.0,77.0,15.9,10.0,rain
2023-10-22,12763,0,1,4,13.8,54.7,0.0,0,0.0,55.2,35.3,53.5,16.0,10.0,partly-cloudy-day
2023-10-23,12429,0,0,4,12.1,50.9,0.0,0,0.0,35.3,22.6,1.0,16.0,10.0,clear-day
2023-10-24,14794,0,0,4,13.0,66.0,0.0,0,0.0,18.4,16.2,11.0,16.0,10.0,clear-day
2023-10-25,15786,0,0,4,16.3,59.6,0.0,0,0.0,20.5,15.7,40.8,16.0,10.0,partly-cloudy-day
2023-10-26,15709,0,0,4,18.4,63.7,0.0,0,0.0,11.2,12.6,58.5,16.0,10.0,partly-cloudy-day
2023-10-27,16249,0,0,4,20.3,72.7,0.0,0,0.0,16.6,15.7,66.5,16.0,10.0,partly-cloudy-day
2023-10-28,17850,0,1,4,21.7,70.6,0.0,0,0.0,25.9,16.2,50.1,16.0,10.0,partly-cloudy-day
2023-10-29,15220,0,1,4,20.7,77.4,0.989,100,0.0,18.4,17.2,90.2,15.8,10.0,rain
2023-10-30,11415,0,0,4,17.1,75.9,0.889,100,0.0,53.7,36.5,79.8,16.0,10.0,rain
2023-10-31,12842,0,0,4,10.3,50.9,0.016,100,0.0,40.7,24.7,79.2,16.0,10.0,rain
2023-11-01,11148,0,0,4,6.8,50.1,0.0,0,0.0,56.6,35.7,42.1,16.0,10.0,partly-cloudy-day
2023-11-02,11780,0,0,4,6.4,47.7,0.0,0,0.0,14.8,19.1,20.5,16.0,10.0,partly-cloudy-day
2023-11-03,12409,0,0,4,8.9,59.7,0.0,0,0.0,31.3,20.0,12.2,16.0,10.0,clear-day
2023-11-04,16129,0,1,4,11.9,59.1,0.0,0,0.0,11.2,14.1,54.2,16.0,10.0,partly-cloudy-day
2023-11-05,13824,0,1,4,13.5,57.4,0.0,0,0.0,33.5,20.0,32.4,15.9,10.0,partly-cloudy-day
2023-11-06,12114,0,0,4,13.2,63.0,0.0,0,0.0,16.6,14.2,71.5,16.0,10.0,partly-cloudy-day
2023-11-07,13782,0,0,4,17.5,57.1,0.0,0,0.0,22.3,19.8,75.4,15.9,10.0,partly-cloudy-day
2023-11-08,13452,0,0,4,13.3,55.5,0.0,0,0.0,18.4,20.2,41.8,16.0,10.0,partly-cloudy-day
2023-11-09,13085,0,0,4,15.8,70.9,0.083,100,0.0,33.5,21.4,64.7,15.6,10.0,rain
2023-11-10,7203,1,0,4,9.7,73.5,3.979,100,0.0,29.5,19.8,81.1,15.3,10.0,rain
2023-11-11,13331,0,1,4,8.9,70.5,0.0,0,0.0,11.2,16.3,38.2,15.8,10.0,partly-cloudy-day
2023-11-12,9913,0,1,4,7.4,63.7,0.0,0,0.0,14.8,19.7,53.5,16.0,10.0,partly-cloudy-day
2023-11-13,10772,0,0,4,7.2,67.8,0.0,0,0.0,20.5,21.3,17.9,16.0,10.0,clear-day
2023-11-14,12666,0,0,4,10.3,53.3,0.0,0,0.0,36.9,22.3,22.3,16.0,10.0,partly-cloudy-day
2023-11-15,12596,0,0,4,9.5,64.7,0.0,0,0.0,31.7,21.3,84.4,16.0,10.0,partly-cloudy-day
2023-11-16,13137,0,0,4,12.2,56.5,0.0,0,0.0,14.8,14.5,40.6,16.0,10.0,partly-cloudy-day
2023-11-17,12757,0,0,4,14.4,73.2,0.145,100,0.0,38.9,22.5,66.8,15.8,10.0,rain
2023-11-18,12241,0,1,4,12.8,62.4,0.467,100,0.0,59.0,31.4,38.1,15.9,10.0,rain
2023-11-19,10395,0,1,4,9.8,46.5,0.0,0,0.0,38.9,20.1,1.0,16.0,10.0,clear-day
2023-11-20,9186,0,0,4,7.1,55.1,0.0,0,0.0,20.5,17.4,56.1,16.0,10.0,partly-cloudy-day
2023-11-21,3021,0,0,4,9.0,80.2,46.04,100,0.0,59.4,26.0,97.6,10.9,10.0,rain
2023-11-22,7907,0,0,4,12.0,73.1,5.424,100,0.0,54.5,33.1,78.6,15.2,10.0,rain
2023-11-23,5150,1,0,4,10.1,54.4,0.0,0,0.0,45.4,25.4,14.6,16.0,10.0,clear-day
2023-11-24,6408,0,0,4,8.6,56.9,0.0,0,0.0,27.7,28.2,60.5,16.0,10.0,partly-cloudy-day
2023-11-25,6248,0,1,4,3.7,49.4,0.0,0,0.0,14.8,24.4,51.6,16.0,10.0,partly-cloudy-day
2023-11-26,4455,0,1,4,5.3,79.7,3.495,100,0.0,11.2,12.9,92.3,12.5,10.0,rain
2023-11-27,8256,0,0,4,6.1,62.0,0.092,100,0.0,65.2,32.8,27.6,15.9,10.0,rain
2023-11-28,8225,0,0,4,2.1,42.2,0.022,100,0.0,66.4,40.2,55.9,16.0,10.0,rain
2023-11-29,8656,0,0,4,0.5,41.8,0.0,0,0.0,33.5,16.2,56.4,16.0,10.0,partly-cloudy-day
2023-11-30,10934,0,0,4,5.6,51.4,0.0,0,0.0,22.3,16.9,56.3,16.0,10.0,partly-cloudy-day
2023-12-01,7527,0,0,1,7.5,73.4,3.121,100,0.0,20.5,17.2,78.6,14.0,10.0,rain
2023-12-02,11565,0,1,1,9.8,93.3,0.544,100,0.0,14.8,10.5,95.3,6.0,10.0,rain
2023-12-03,7517,0,1,1,11.6,95.4,20.571,100,0.0,20.5,11.2,96.1,6.4,10.0,rain
2023-12-04,10000,0,0,1,9.9,58.8,0.0,0,0.0,36.8,24.1,79.7,15.8,10.0,partly-cloudy-day
2023-12-05,10396,0,0,1,7.2,57.3,0.0,0,0.0,14.8,16.0,74.6,16.0,10.0,partly-cloudy-day
2023-12-06,9667,0,0,1,5.6,60.6,0.0,0,0.0,42.3,28.7,81.6,16.0,10.0,partly-cloudy-day
2023-12-07,9597,0,0,1,4.9,56.9,0.0,0,0.0,33.5,23.0,79.2,16.0,10.0,partly-cloudy-day
2023-12-08,10665,0,0,1,7.7,65.1,0.0,0,0.0,18.4,14.4,60.5,15.9,10.0,partly-cloudy-day
2023-12-09,11806,0,1,1,8.2,72.9,0.0,0,0.0,16.6,11.0,54.6,15.8,10.0,partly-cloudy-day
2023-12-10,3838,0,1,1,13.3,89.0,26.665,100,0.0,58.7,36.1,95.0,11.8,10.0,rain
2023-12-11,7954,0,0,1,4.8,66.2,14.358,100,0.8,62.1,32.0,56.4,14.5,10.0,snow
2023-12-12,9404,0,0,1,3.8,60.2,0.0,0,0.0,18.4,19.8,25.1,16.0,10.0,partly-cloudy-day
2023-12-13,9616,0,0,1,5.4,51.2,0.0,0,0.0,35.3,23.0,41.6,16.0,10.0,partly-cloudy-day
2023-12-14,9144,0,0,1,3.8,46.8,0.0,0,0.0,16.6,12.2,17.4,16.0,10.0,clear-day
2023-12-15,10036,0,0,1,7.2,51.9,0.0,0,0.0,27.7,18.5,12.2,16.0,10.0,clear-day
2023-12-16,10624,0,1,1,7.7,63.7,0.0,0,0.0,13.0,13.8,62.9,16.0,10.0,partly-cloudy-day
2023-12-17,5063,0,1,1,9.6,91.6,39.569,100,0.0,44.3,27.2,98.5,7.7,10.0,rain
2023-12-18,7618,0,0,1,10.5,61.3,20.688,100,0.0,71.6,42.5,88.3,14.0,10.0,rain
2023-12-19,7552,0,0,1,3.7,47.9,0.0,0,0.0,59.8,33.9,44.3,16.0,10.0,partly-cloudy-day
2023-12-20,7704,0,0,1,3.0,50.0,0.0,0,0.0,16.6,16.2,27.6,16.0,10.0,partly-cloudy-day
2023-12-21,7066,0,0,1,4.6,56.2,0.0,0,0.0,18.4,17.6,77.5,16.0,10.0,partly-cloudy-day
2023-12-22,6174,0,0,1,5.6,64.3,0.0,0,0.0,11.2,13.7,80.2,15.9,10.0,partly-cloudy-day
2023-12-23,4959,0,1,1,6.2,77.3,0.0,0,0.0,11.2,12.2,89.6,16.0,10.0,partly-cloudy-day
2023-12-24,3495,0,1,1,7.4,82.3,0.303,100,0.0,5.4,10.3,89.0,15.8,10.0,rain
2023-12-25,3579,1,0,1,9.0,74.8,0.0,0,0.0,11.2,10.5,76.4,14.8,10.0,partly-cloudy-day
2023-12-26,2887,0,0,1,8.2,92.2,2.486,100,0.0,14.8,14.0,99.8,11.0,10.0,rain
2023-12-27,2062,0,0,1,10.2,94.1,26.626,100,0.0,33.5,16.1,99.8,10.6,10.0,rain
2023-12-28,6688,0,0,1,11.8,86.8,1.043,100,0.0,29.5,16.0,97.1,12.6,10.0,rain
2023-12-29,7268,0,0,1,10.0,55.3,0.0,0,0.0,43.8,25.9,87.4,16.0,10.0,partly-cloudy-day
2023-12-30,6361,0,1,1,6.9,54.5,0.0,0,0.0,50.0,27.8,85.6,16.0,10.0,partly-cloudy-day
2023-12-31,6096,0,1,1,7.0,53.6,0.0,0,0.0,37.1,22.0,80.7,16.0,10.0,partly-cloudy-day
2024-01-01,3896,1,0,1,4.9,74.7,0.011,100,0.0,29.5,21.9,90.3,16.0,10.0,rain
2024-01-02,6545,0,0,1,4.7,57.3,0.0,0,0.0,47.4,29.1,47.5,16.0,10.0,partly-cloudy-day
2024-01-03,7780,0,0,1,4.4,59.5,0.0,0,0.0,9.4,14.2,68.5,16.0,10.0,partly-cloudy-day
2024-01-04,7174,0,0,1,4.7,55.2,0.0,0,0.0,51.5,35.0,68.5,16.0,10.0,partly-cloudy-day
2024-01-05,7165,0,0,1,0.9,55.0,0.0,0,0.0,18.4,21.3,44.5,16.0,10.0,partly-cloudy-day
2024-01-06,2566,0,1,1,2.7,80.1,23.293,100,0.5,50.2,27.3,97.0,12.5,10.0,snow
2024-01-07,7120,0,1,1,5.2,70.9,0.0,0,0.0,58.6,31.3,70.5,14.8,10.0,partly-cloudy-day
2024-01-08,8418,0,0,1,5.6,59.1,0.0,0,0.0,42.6,23.4,62.2,16.0,10.0,partly-cloudy-day
2024-01-09,2777,0,0,1,8.6,83.4,57.9,100,0.0,79.6,50.3,97.6,11.9,10.0,rain
2024-01-10,9008,0,0,1,9.6,52.8,0.12,100,0.0,66.1,33.7,70.8,16.0,10.0,rain
2024-01-11,9531,0,0,1,5.8,60.9,0.0,0,0.0,29.5,18.1,20.4,16.0,10.0,partly-cloudy-day
2024-01-12,8071,0,0,1,6.6,70.9,8.524,100,0.0,53.6,28.3,56.9,15.2,10.0,rain
2024-01-13,8096,0,1,1,8.6,64.2,1.177,100,0.0,68.6,43.3,60.1,15.4,10.0,rain
2024-01-14,5690,0,1,1,2.0,44.8,0.0,0,0.3,74.2,38.4,35.7,15.9,10.0,partly-cloudy-day
2024-01-15,2508,1,0,1,-1.9,74.9,6.948,100,6.9,16.6,24.9,98.0,6.9,10.0,snow
2024-01-16,2251,0,0,1,-2.1,73.3,1.46,100,9.3,60.4,38.7,83.7,12.5,10.0,snow
2024-01-17,4249,0,0,1,-5.0,45.0,0.0,0,0.0,35.3,22.1,7.8,16.0,10.0,clear-day
2024-01-18,5856,0,0,1,-1.2,52.1,0.0,0,0.0,13.0,12.3,77.0,16.0,10.0,partly-cloudy-day
2024-01-19,2079,0,0,1,-0.3,78.4,5.561,100,9.2,33.5,20.4,92.0,8.1,10.0,snow
2024-01-20,3137,0,1,1,-4.3,50.2,0.022,100,0.0,57.4,31.9,59.5,16.0,10.0,snow
2024-01-21,3405,0,1,1,-2.8,49.2,0.0,0,0.0,58.1,29.9,19.7,16.0,10.0,clear-day
2024-01-22,5515,0,0,1,-1.4,57.6,0.0,0,0.0,16.6,15.8,36.0,16.0,10.0,partly-cloudy-day
2024-01-23,7803,0,0,1,2.4,61.5,0.0,0,0.0,14.8,13.3,81.7,16.0,10.0,partly-cloudy-day
2024-01-24,8982,0,0,1,6.7,72.3,0.0,0,0.0,14.8,8.9,96.6,15.2,10.0,cloudy
2024-01-25,8187,0,0,1,12.9,91.4,2.597,100,0.0,24.1,11.2,99.8,9.2,10.0,rain
2024-01-26,11987,0,0,1,18.8,73.2,1.203,100,0.0,36.7,21.6,85.9,12.4,10.0,rain
2024-01-27,10944,0,1,1,11.3,75.1,2.077,100,0.0,16.6,19.8,70.3,15.7,10.0,rain
2024-01-28,5427,0,1,1,6.9,88.3,32.367,100,0.0,37.1,25.2,99.8,10.6,10.0,rain
2024-01-29,7913,0,0,1,6.6,64.4,0.0,0,0.0,57.0,37.3,91.5,16.0,10.0,cloudy
2024-01-30,8663,0,0,1,5.1,62.8,0.0,0,0.0,18.4,17.9,100.0,16.0,10.0,cloudy
2024-01-31,8871,0,0,1,4.9,75.0,0.0,0,0.0,14.8,14.1,89.0,15.9,10.0,partly-cloudy-day
2024-02-01,9878,0,0,1,5.8,74.0,0.0,0,0.0,20.5,19.2,43.3,13.5,10.0,partly-cloudy-day
2024-02-02,9197,0,0,1,8.4,65.1,0.294,100,0.0,44.2,30.8,97.3,15.9,10.0,rain
2024-02-03,10254,0,1,1,5.6,53.8,0.0,0,0.0,27.7,23.5,11.1,16.0,10.0,clear-day
2024-02-04,9071,0,1,1,5.4,56.4,0.0,0,0.0,9.4,14.8,9.0,16.0,10.0,clear-day
2024-02-05,8787,0,0,1,5.0,57.4,0.0,0,0.0,18.4,19.6,21.4,15.9,10.0,partly-cloudy-day
2024-02-06,9361,0,0,1,3.8,49.5,0.0,0,0.0,53.6,21.9,9.2,16.0,10.0,clear-day
2024-02-07,10358,0,0,1,4.4,51.8,0.0,0,0.0,13.0,10.5,37.3,16.0,10.0,partly-cloudy-day
2024-02-08,10618,0,0,1,6.5,60.2,0.0,0,0.0,16.6,16.2,73.3,16.0,10.0,partly-cloudy-day
2024-02-09,11577,0,0,1,10.0,58.2,0.0,0,0.0,16.6,18.0,75.7,16.0,10.0,partly-cloudy-day
2024-02-10,12161,0,1,1,11.9,71.4,0.0,0,0.0,29.5,23.7,83.4,16.0,10.0,partly-cloudy-day
2024-02-11,7183,0,1,1,10.9,87.4,3.088,100,0.0,22.3,15.9,96.3,14.0,10.0,rain
2024-02-12,7245,0,0,1,8.6,89.7,2.025,100,0.0,20.5,15.5,99.9,7.5,10.0,rain
2024-02-13,8106,0,0,1,6.1,70.7,17.432,100,0.0,61.9,39.9,82.0,12.5,10.0,rain
2024-02-14,10086,0,0,1,5.1,45.2,0.0,0,0.0,49.8,33.5,45.3,16.0,10.0,partly-cloudy-day
2024-02-15,9949,0,0,1,4.4,56.8,0.0,0,0.0,44.6,27.6,57.4,16.0,10.0,partly-cloudy-day
2024-02-16,9491,0,0,1,7.0,37.2,0.0,0,0.0,61.7,28.5,55.9,16.0,10.0,partly-cloudy-day
2024-02-17,6538,0,1,1,2.4,57.5,1.652,100,5.6,60.5,35.6,74.6,15.0,10.0,snow
2024-02-18,7623,0,1,1,2.8,40.4,0.0,0,0.0,42.5,25.6,32.0,16.0,10.0,partly-cloudy-day
2024-02-19,7923,1,0,1,5.1,42.7,0.0,0,0.0,31.7,18.0,18.5,16.0,10.0,clear-day
2024-02-20,9230,0,0,1,4.1,58.5,0.0,0,0.0,14.8,19.6,42.2,15.9,10.0,partly-cloudy-day
2024-02-21,10164,0,0,1,3.9,63.6,0.0,0,0.0,13.0,16.0,35.2,16.0,10.0,partly-cloudy-day
2024-02-22,9472,0,0,1,5.5,74.8,0.0,0,0.0,27.7,21.8,80.4,16.0,10.0,partly-cloudy-day
2024-02-23,9361,0,0,1,8.0,78.9,0.337,100,0.0,25.9,15.6,89.5,15.2,10.0,rain
2024-02-24,10199,0,1,1,7.6,64.3,0.346,100,0.0,38.6,28.5,82.7,15.6,10.0,rain
2024-02-25,8675,0,1,1,2.9,51.2,0.0,0,0.0,18.4,21.2,27.9,15.9,10.0,partly-cloudy-day
2024-02-26,10691,0,0,1,10.1,55.1,0.0,0,0.0,22.3,17.7,65.3,16.0,10.0,partly-cloudy-day
2024-02-27,10082,0,0,1,11.7,73.0,0.327,100,0.0,44.3,25.6,86.3,15.3,10.0,rain
2024-02-28,7289,0,0,1,14.7,73.4,7.183,100,0.0,74.2,38.0,95.7,15.3,10.0,rain
2024-02-29,10068,0,0,1,5.1,32.7,0.0,0,0.0,55.6,31.7,18.3,16.0,10.0,clear-day
2024-03-01,9998,0,0,2,6.3,49.6,0.759,100,0.0,31.7,25.0,57.8,16.0,10.0,rain
2024-03-02,7428,0,1,2,8.7,86.2,18.882,100,0.0,33.5,19.9,92.4,12.2,10.0,rain
2024-03-03,12629,0,1,2,11.8,74.4,0.0,0,0.0,11.2,14.0,45.8,15.3,10.0,partly-cloudy-day
2024-03-04,10761,0,0,2,13.6,68.8,0.492,100,0.0,36.7,22.6,90.1,15.9,10.0,rain
2024-03-05,9399,0,0,2,11.0,84.3,14.551,100,0.0,37.1,30.1,89.6,13.1,10.0,rain
2024-03-06,8221,0,0,2,11.4,91.1,4.798,100,0.0,18.4,23.0,98.2,12.5,10.0,rain
2024-03-07,12457,0,0,2,14.2,70.8,0.416,100,0.0,40.7,28.1,75.2,15.9,10.0,rain
2024-03-08,12299,0,0,2,11.1,66.5,0.0,0,0.0,16.6,23.0,78.4,16.0,10.0,partly-cloudy-day
2024-03-09,3929,0,1,2,8.5,85.1,14.531,100,0.0,44.3,27.6,99.1,11.9,10.0,rain
2024-03-10,7552,0,1,2,7.6,55.7,1.712,100,0.0,69.9,39.3,82.3,16.0,10.0,rain
2024-03-11,8912,0,0,2,8.5,34.4,0.0,0,0.0,67.5,45.0,35.2,15.9,10.0,partly-cloudy-day
2024-03-12,14179,0,0,2,14.2,36.2,0.0,0,0.0,50.8,30.3,41.0,16.0,10.0,partly-cloudy-day
2024-03-13,15108,0,0,2,14.7,48.8,0.0,0,0.0,33.5,17.1,75.2,15.9,10.0,partly-cloudy-day
2024-03-14,16039,0,0,2,16.0,49.5,0.0,0,0.0,16.6,19.6,54.1,15.9,10.0,partly-cloudy-day
2024-03-15,13349,0,0,2,18.7,53.3,0.576,100,0.0,35.0,27.1,87.6,16.0,10.0,rain
2024-03-16,19240,0,1,2,13.7,51.0,0.0,0,0.0,44.2,30.3,50.5,16.0,10.0,partly-cloudy-day
2024-03-17,15200,0,1,2,14.9,51.8,0.0,0,0.0,46.4,25.0,73.8,16.0,10.0,partly-cloudy-day
2024-03-18,10987,0,0,2,8.4,36.2,0.0,0,0.0,58.9,34.9,69.0,16.0,10.0,partly-cloudy-day
2024-03-19,11906,0,0,2,6.7,37.4,0.0,0,0.0,54.6,27.8,58.8,16.0,10.0,partly-cloudy-day
2024-03-20,14211,0,0,2,11.6,36.0,0.0,0,0.0,69.5,46.5,45.1,16.0,10.0,partly-cloudy-day
2024-03-21,12481,0,0,2,5.4,32.6,0.0,0,0.0,71.4,33.8,27.0,16.0,10.0,partly-cloudy-day
2024-03-22,12860,0,0,2,6.8,47.9,0.278,100,0.0,27.7,21.5,73.4,16.0,10.0,rain
2024-03-23,7452,0,1,2,8.3,76.7,40.995,100,0.0,66.2,45.6,91.8,12.7,10.0,rain
2024-03-24,13306,0,1,2,5.5,42.6,0.0,0,0.0,55.7,35.9,4.1,16.0,10.0,clear-day
2024-03-25,12805,0,0,2,7.7,52.0,0.0,0,0.0,31.7,19.8,13.0,16.0,10.0,clear-day
2024-03-26,14007,0,0,2,9.0,59.2,0.0,0,0.0,22.3,20.1,81.8,16.0,10.0,partly-cloudy-day
2024-03-27,7716,0,0,2,8.7,86.7,13.43,100,0.0,14.8,14.6,99.8,12.8,10.0,rain
2024-03-28,11614,0,0,2,10.2,69.9,3.948,100,0.0,40.6,25.5,92.5,15.4,10.0,rain
2024-03-29,15337,0,0,2,11.7,34.7,0.0,0,0.0,65.6,42.2,26.7,16.0,10.0,partly-cloudy-day
2024-03-30,16547,0,1,2,11.3,51.0,0.0,0,0.0,40.7,23.7,55.1,16.0,10.0,partly-cloudy-day
2024-03-31,13965,0,1,2,13.7,68.3,0.308,100,0.0,27.7,19.6,79.0,15.7,10.0,rain
2024-04-01,9680,0,0,2,12.1,84.7,5.966,100,0.0,22.3,21.1,99.5,14.7,10.0,rain
2024-04-02,8827,0,0,2,10.7,89.1,9.238,100,0.0,33.5,24.1,100.0,13.2,10.0,rain
2024-04-03,6012,0,0,2,10.1,89.5,22.64,100,0.0,49.3,21.7,99.3,10.8,10.0,rain
2024-04-04,12480,0,0,2,9.0,65.9,0.696,100,0.0,73.6,43.6,62.1,15.9,10.0,rain
2024-04-05,12266,0,0,2,8.8,53.0,0.0,0,0.0,60.0,32.5,62.6,16.0,10.0,partly-cloudy-day
2024-04-06,13074,0,1,2,9.3,49.0,0.0,0,0.0,57.1,39.0,66.9,16.0,10.0,partly-cloudy-day
2024-04-07,14569,0,1,2,12.6,43.6,0.0,0,0.0,40.7,24.8,33.4,16.0,10.0,partly-cloudy-day
2024-04-08,13199,0,0,2,13.9,55.9,0.0,0,0.0,27.7,18.5,60.3,16.0,10.0,partly-cloudy-day
2024-04-09,14306,0,0,2,17.5,60.1,0.0,0,0.0,16.6,21.1,81.6,16.0,10.0,partly-cloudy-day
2024-04-10,15416,0,0,2,19.7,64.4,0.0,0,0.0,27.7,16.3,86.0,16.0,10.0,partly-cloudy-day
2024-04-11,12910,0,0,2,19.1,77.3,0.022,100,0.0,45.0,29.0,93.7,15.9,10.0,rain
2024-04-12,13559,0,0,2,18.0,58.2,2.734,100,0.0,70.6,41.9,84.7,15.8,10.0,rain
2024-04-13,16069,0,1,2,16.1,35.8,0.0,0,0.0,73.1,46.6,52.6,16.0,10.0,partly-cloudy-day
2024-04-14,16644,0,1,2,18.9,41.9,0.0,0,0.0,59.5,36.1,25.3,16.0,10.0,partly-cloudy-day
2024-04-15,13858,0,0,2,22.1,54.6,3.45,100,0.0,25.9,15.9,75.0,16.0,30.0,rain
2024-04-16,15857,0,0,2,19.4,42.8,0.0,0,0.0,40.7,26.0,49.1,16.0,10.0,partly-cloudy-day
2024-04-17,15597,0,0,2,18.1,59.4,0.0,0,0.0,16.6,19.8,87.9,16.0,10.0,partly-cloudy-day
2024-04-18,16517,0,0,2,19.2,70.0,0.0,0,0.0,38.9,22.0,70.3,14.7,10.0,partly-cloudy-day
2024-04-19,13274,0,0,2,12.7,79.7,0.318,100,0.0,25.9,16.3,99.9,16.0,10.0,rain
2024-04-20,18992,0,1,2,17.1,57.3,0.359,100,0.0,45.1,30.2,79.4,16.0,10.0,rain
2024-04-21,11384,0,1,2,11.1,40.1,0.0,0,0.0,44.6,24.6,81.4,16.0,10.0,partly-cloudy-day
2024-04-22,13112,0,0,2,12.0,39.3,0.0,0,0.0,38.9,21.4,27.2,16.0,10.0,partly-cloudy-day
2024-04-23,15244,0,0,2,14.7,50.4,0.0,0,0.0,41.7,25.3,43.0,16.0,10.0,partly-cloudy-day
2024-04-24,15870,0,0,2,18.8,43.1,0.0,0,0.0,43.9,29.1,75.0,16.0,10.0,partly-cloudy-day
2024-04-25,14792,0,0,2,13.6,58.3,0.0,0,0.0,27.7,22.6,84.2,16.0,10.0,partly-cloudy-day
2024-04-26,15422,0,0,2,12.9,50.8,0.0,0,0.0,33.5,24.8,69.1,16.0,10.0,partly-cloudy-day
2024-04-27,11717,0,1,2,13.2,69.0,0.81,100,0.0,25.9,16.2,97.3,15.7,10.0,rain
2024-04-28,17877,0,1,2,19.5,70.6,0.0,0,0.0,16.6,16.0,62.1,15.8,10.0,partly-cloudy-day
2024-04-29,14548,0,0,2,24.0,63.5,0.0,0,0.0,29.5,20.9,35.8,16.0,30.0,partly-cloudy-day
2024-04-30,16145,0,0,2,23.3,60.0,0.048,100,0.0,44.1,24.9,68.3,16.0,10.0,rain
2024-05-01,16810,0,0,2,23.3,59.2,0.018,100,0.0,29.5,19.2,47.0,16.0,10.0,rain
2024-05-02,16687,0,0,2,24.3,60.0,0.0,0,0.0,31.5,17.9,33.7,16.0,10.0,partly-cloudy-day
2024-05-03,16805,0,0,2,20.1,64.7,0.0,0,0.0,45.0,25.1,69.6,16.0,10.0,partly-cloudy-day
2024-05-04,7933,0,1,2,12.3,88.5,19.715,100,0.0,24.1,17.2,100.0,11.0,10.0,rain
2024-05-05,9360,0,1,2,17.0,88.6,14.47,100,0.0,24.1,12.7,98.8,13.4,10.0,rain
2024-05-06,13203,0,0,2,21.7,82.7,0.289,100,0.0,11.2,12.6,97.4,15.2,10.0,rain
2024-05-07,15788,0,0,2,22.4,81.8,0.561,100,0.0,11.2,17.8,86.6,14.2,10.0,rain
2024-05-08,17161,0,0,2,25.3,65.1,0.0,0,0.0,42.5,24.0,83.4,15.9,30.0,partly-cloudy-day
2024-05-09,14880,0,0,2,21.1,65.9,1.025,100,0.0,22.3,19.8,89.0,15.9,10.0,rain
2024-05-10,9060,0,0,2,14.0,86.5,3.826,100,0.0,38.9,22.5,98.6,12.3,10.0,rain
2024-05-11,14822,0,1,2,13.6,68.6,2.545,100,0.0,29.5,19.8,76.6,15.5,10.0,rain
2024-05-12,12327,0,1,2,15.1,68.0,14.365,100,0.0,55.4,23.4,77.1,15.7,10.0,rain
2024-05-13,15099,0,0,2,17.8,67.1,0.0,0,0.0,38.1,23.2,38.4,15.8,10.0,partly-cloudy-day
2024-05-14,10230,0,0,2,18.3,81.6,5.337,100,0.0,53.6,17.2,91.9,15.2,10.0,rain
2024-05-15,12108,0,0,2,17.6,84.4,2.996,100,0.0,27.7,19.8,98.7,13.6,10.0,rain
2024-05-16,17117,0,0,2,21.0,66.5,0.0,0,0.0,40.8,27.4,56.8,16.0,10.0,partly-cloudy-day
2024-05-17,15216,0,0,2,19.0,74.8,0.0,0,0.0,18.4,17.3,89.2,15.9,10.0,partly-cloudy-day
2024-05-18,7285,0,1,2,17.4,86.0,13.982,100,0.0,16.6,12.7,97.7,12.8,10.0,rain
2024-05-19,15529,0,1,2,20.0,77.3,0.0,0,0.0,13.0,10.9,86.6,13.8,10.0,partly-cloudy-day
2024-05-20,15140,0,0,2,20.1,78.4,0.0,0,0.0,13.0,14.2,82.0,15.6,10.0,partly-cloudy-day
2024-05-21,16474,0,0,2,22.4,70.7,0.0,0,0.0,16.6,19.7,49.5,15.7,10.0,partly-cloudy-day
2024-05-22,15768,0,0,2,24.2,71.8,0.0,0,0.0,24.1,19.9,56.0,16.0,30.0,partly-cloudy-day
2024-05-23,14566,0,0,2,25.2,70.1,0.577,100,0.0,24.1,17.5,82.7,15.6,10.0,rain
2024-05-24,15252,0,0,2,25.3,64.4,0.267,100,0.0,7.6,17.2,79.4,16.0,10.0,rain
2024-05-25,14762,0,1,2,25.5,66.8,0.426,100,0.0,16.6,20.2,73.2,15.9,10.0,rain
2024-05-26,15287,0,1,2,25.3,72.1,0.802,100,0.0,59.4,30.0,72.4,15.8,30.0,rain
2024-05-27,11560,1,0,2,23.3,80.8,0.873,100,0.0,59.0,28.5,84.2,15.6,30.0,rain
2024-05-28,14715,0,0,2,22.7,63.3,0.35,100,0.0,69.9,35.8,53.4,15.4,10.0,rain
2024-05-29,12645,0,0,2,19.1,71.6,0.485,100,0.0,60.8,16.9,55.1,15.5,10.0,rain
2024-05-30,16342,0,0,2,19.4,54.2,0.011,100,0.0,38.5,25.6,47.5,16.0,10.0,rain
2024-05-31,16858,0,0,2,19.7,41.0,0.0,0,0.0,41.2,23.4,19.9,15.9,10.0,clear-day
2024-06-01,18468,0,1,3,21.4,49.3,0.0,0,0.0,14.8,22.2,48.7,15.9,10.0,partly-cloudy-day
2024-06-02,15879,0,1,3,22.8,61.8,0.0,0,0.0,42.5,29.1,84.6,16.0,10.0,partly-cloudy-day
2024-06-03,15035,0,0,3,25.3,64.0,0.267,100,0.0,11.2,14.3,71.1,16.0,30.0,rain
2024-06-04,16720,0,0,3,26.0,67.6,0.0,0,0.0,44.6,30.5,50.0,15.7,30.0,partly-cloudy-day
2024-06-05,13530,0,0,3,24.5,82.2,10.804,100,0.0,27.7,23.2,92.1,14.7,30.0,rain
2024-06-06,16538,0,0,3,26.5,73.3,0.0,0,0.0,53.6,27.1,79.2,16.0,30.0,partly-cloudy-day
2024-06-07,18193,0,0,3,26.3,45.3,0.0,0,0.0,51.8,35.7,60.1,16.0,10.0,partly-cloudy-day
2024-06-08,20504,0,1,3,24.4,41.9,0.0,0,0.0,37.1,25.6,39.3,16.0,10.0,partly-cloudy-day
2024-06-09,16988,0,1,3,24.8,45.6,0.0,0,0.0,49.5,33.5,76.3,16.0,10.0,partly-cloudy-day
2024-06-10,14773,0,0,3,23.5,43.3,0.011,100,0.0,43.5,28.8,64.5,16.0,10.0,rain
2024-06-11,17045,0,0,3,20.8,57.6,0.283,100,0.0,43.7,24.9,65.0,16.0,10.0,rain
2024-06-12,17818,0,0,3,22.4,56.9,0.0,0,0.0,14.8,17.9,46.1,16.0,10.0,partly-cloudy-day
2024-06-13,16883,0,0,3,25.9,64.6,0.0,0,0.0,31.7,23.2,39.1,16.0,10.0,partly-cloudy-day
2024-06-14,16302,0,0,3,27.4,58.9,0.09,100,0.0,50.0,32.1,62.9,15.9,30.0,rain
2024-06-15,18044,0,1,3,25.2,54.8,0.0,0,0.0,35.3,25.0,35.6,16.0,10.0,partly-cloudy-day
2024-06-16,15666,0,1,3,25.5,52.4,0.0,0,0.0,38.9,21.3,48.2,16.0,10.0,partly-cloudy-day
2024-06-17,13545,0,0,3,26.9,59.7,0.0,0,0.0,35.3,23.2,45.7,16.0,10.0,partly-cloudy-day
2024-06-18,16668,0,0,3,27.9,58.8,0.0,0,0.0,40.7,22.1,50.8,16.0,10.0,partly-cloudy-day
2024-06-19,16658,1,0,3,27.1,59.3,0.0,0,0.0,18.4,20.2,71.1,16.0,10.0,partly-cloudy-day
2024-06-20,15833,0,0,3,27.3,60.2,0.0,0,0.0,14.8,17.6,74.7,16.0,10.0,partly-cloudy-day
2024-06-21,15727,0,0,3,28.7,59.3,0.0,0,0.0,27.7,23.0,33.3,15.8,10.0,partly-cloudy-day
2024-06-22,15594,0,1,3,30.8,55.7,0.0,0,0.0,34.7,21.7,15.3,15.8,10.0,clear-day
2024-06-23,13479,0,1,3,31.8,53.0,0.0,0,0.0,48.1,28.3,66.7,16.0,30.0,partly-cloudy-day
2024-06-24,14924,0,0,3,29.4,43.3,0.0,0,0.0,52.4,36.1,51.0,16.0,30.0,partly-cloudy-day
2024-06-25,16370,0,0,3,27.7,40.8,0.0,0,0.0,38.6,24.2,44.1,16.0,10.0,partly-cloudy-day
2024-06-26,15268,0,0,3,29.7,54.4,9.735,100,0.0,75.8,46.0,74.1,15.7,30.0,rain
2024-06-27,16641,0,0,3,26.9,60.7,3.051,100,0.0,31.5,17.7,70.1,15.8,10.0,rain
2024-06-28,16816,0,0,3,25.3,50.6,0.0,0,0.0,33.5,24.9,52.2,16.0,10.0,partly-cloudy-day
2024-06-29,17126,0,1,3,27.8,69.6,0.0,0,0.0,37.1,25.7,76.1,16.0,30.0,partly-cloudy-day
2024-06-30,13734,0,1,3,29.9,68.9,3.668,100,0.0,43.9,27.2,83.7,16.0,60.0,rain
2024-07-01,15806,0,0,3,23.5,46.2,0.0,0,0.0,56.0,34.4,60.8,15.9,10.0,partly-cloudy-day
2024-07-02,16618,0,0,3,24.7,49.5,0.0,0,0.0,20.5,20.0,46.1,16.0,10.0,partly-cloudy-day
2024-07-03,17379,0,0,3,25.8,61.2,0.0,0,0.0,33.5,22.0,56.3,16.0,10.0,partly-cloudy-day
2024-07-04,16860,1,0,3,27.2,70.6,6.101,100,0.0,53.6,19.5,82.4,15.0,30.0,rain
2024-07-05,14805,0,0,3,29.7,72.9,0.0,0,0.0,35.3,20.5,73.0,13.9,60.0,partly-cloudy-day
2024-07-06,14162,0,1,3,32.2,55.6,0.0,0,0.0,42.5,23.2,61.2,16.0,30.0,partly-cloudy-day
2024-07-07,13122,0,1,3,31.6,41.7,0.0,0,0.0,37.1,21.5,79.1,16.0,30.0,partly-cloudy-day
2024-07-08,13948,0,0,3,31.1,54.8,0.0,0,0.0,29.5,23.7,74.9,16.0,30.0,partly-cloudy-day
2024-07-09,15298,0,0,3,31.2,65.1,0.0,0,0.0,20.5,19.8,67.5,16.0,30.0,partly-cloudy-day
2024-07-10,14871,0,0,3,31.0,68.2,3.664,100,0.0,62.6,32.7,76.4,15.8,30.0,rain
2024-07-11,16944,0,0,3,29.1,48.5,0.0,0,0.0,37.1,21.6,63.7,16.0,10.0,partly-cloudy-day
2024-07-12,12823,0,0,3,26.4,71.3,3.316,100,0.0,14.8,20.6,91.8,15.4,30.0,rain
2024-07-13,16500,0,1,3,28.0,71.0,1.188,100,0.0,16.6,17.3,68.3,16.0,30.0,rain
2024-07-14,14648,0,1,3,31.3,60.8,0.0,0,0.0,31.8,17.1,33.4,16.0,30.0,partly-cloudy-day
2024-07-15,13453,0,0,3,32.1,51.1,0.0,0,0.0,49.8,26.4,53.6,16.0,30.0,partly-cloudy-day
2024-07-16,14912,0,0,3,32.7,52.7,0.0,0,0.0,48.8,30.8,52.5,15.8,30.0,partly-cloudy-day
2024-07-17,12703,0,0,3,31.3,55.3,11.378,100,0.0,56.7,23.3,82.8,15.7,30.0,rain
2024-07-18,16912,0,0,3,27.4,63.5,0.0,0,0.0,25.9,18.5,81.2,16.0,10.0,partly-cloudy-day
2024-07-19,17480,0,0,3,26.8,56.0,0.0,0,0.0,27.7,19.4,69.1,16.0,10.0,partly-cloudy-day
2024-07-20,15866,0,1,3,25.7,74.4,0.594,100,0.0,20.5,16.6,86.3,15.9,10.0,rain
2024-07-21,16118,0,1,3,27.5,64.0,0.133,100,0.0,31.7,23.0,62.2,15.8,30.0,rain
2024-07-22,11673,0,0,3,25.9,82.9,29.676,100,0.0,42.5,24.6,91.2,14.4,30.0,rain
2024-07-23,16271,0,0,3,27.1,67.6,1.956,100,0.0,33.5,23.2,78.7,15.8,30.0,rain
2024-07-24,16210,0,0,3,26.7,76.5,0.087,100,0.0,18.4,15.8,91.5,16.0,30.0,rain
2024-07-25,16799,0,0,3,26.2,76.5,13.914,100,0.0,47.7,20.2,85.1,15.7,30.0,rain
2024-07-26,17878,0,0,3,25.5,56.1,0.0,0,0.0,35.3,22.6,84.0,15.8,10.0,partly-cloudy-day
2024-07-27,19462,0,1,3,26.2,52.3,0.0,0,0.0,25.9,12.7,28.3,15.9,10.0,partly-cloudy-day
2024-07-28,16756,0,1,3,26.8,54.2,0.0,0,0.0,18.4,19.8,21.3,16.0,10.0,partly-cloudy-day
2024-07-29,14451,0,0,3,27.6,63.6,6.24,100,0.0,60.8,22.0,54.7,15.9,30.0,rain
2024-07-30,16534,0,0,3,26.4,75.1,0.999,100,0.0,36.7,26.3,91.2,16.0,30.0,rain
2024-07-31,15394,0,0,3,26.7,76.0,9.117,100,0.0,53.7,29.1,77.0,15.4,30.0,rain
2024-08-01,16094,0,0,3,29.6,64.5,0.0,0,0.0,18.4,17.1,47.8,15.9,30.0,partly-cloudy-day
2024-08-02,15781,0,0,3,31.2,61.9,0.0,0,0.0,49.1,27.6,59.8,16.0,30.0,partly-cloudy-day
2024-08-03,14301,0,1,3,27.9,71.1,4.034,100,0.0,59.0,34.6,63.8,15.7,30.0,rain
2024-08-04,15022,0,1,3,26.6,74.4,0.0,0,0.0,27.7,20.2,74.1,16.0,30.0,partly-cloudy-day
2024-08-05,14809,0,0,3,28.7,68.4,0.0,0,0.0,35.3,25.3,48.5,16.0,30.0,partly-cloudy-day
2024-08-06,15994,0,0,3,29.2,72.1,0.0,0,0.0,38.9,26.9,57.7,16.0,30.0,partly-cloudy-day
2024-08-07,16103,0,0,3,27.5,75.2,0.318,100,0.0,37.1,20.0,89.0,16.0,30.0,rain
2024-08-08,9383,0,0,3,25.9,86.0,22.392,100,0.0,37.1,20.0,96.5,13.6,30.0,rain
2024-08-09,10344,0,0,3,27.0,82.4,43.984,100,0.0,65.8,37.9,90.8,13.9,30.0,rain
2024-08-10,17789,0,1,3,27.8,66.3,9.891,100,0.0,48.2,16.4,61.0,16.0,30.0,rain
2024-08-11,16323,0,1,3,24.9,57.8,0.0,0,0.0,38.9,22.7,62.3,15.9,10.0,partly-cloudy-day
2024-08-12,15883,0,0,3,24.8,52.6,0.0,0,0.0,34.4,25.4,59.6,15.8,10.0,partly-cloudy-day
2024-08-13,17218,0,0,3,25.0,53.1,0.0,0,0.0,27.7,15.2,62.6,15.9,10.0,partly-cloudy-day
2024-08-14,17664,0,0,3,24.8,56.6,0.0,0,0.0,38.9,25.5,33.1,15.2,10.0,partly-cloudy-day
2024-08-15,17572,0,0,3,25.9,55.9,0.0,0,0.0,31.7,20.1,35.1,15.7,10.0,partly-cloudy-day
2024-08-16,17437,0,0,3,26.3,60.6,0.0,0,0.0,25.9,21.1,75.8,15.7,10.0,partly-cloudy-day
2024-08-17,16546,0,1,3,25.3,75.4,4.636,100,0.0,25.9,31.2,84.9,15.8,30.0,rain
2024-08-18,15358,0,1,3,25.7,76.4,0.0,0,0.0,25.9,21.5,64.3,15.6,30.0,partly-cloudy-day
2024-08-19,14927,0,0,3,25.9,64.2,0.272,100,0.0,53.6,29.0,79.5,15.9,10.0,rain
2024-08-20,17338,0,0,3,21.3,54.6,0.0,0,0.0,40.7,27.0,68.8,16.0,10.0,partly-cloudy-day
2024-08-21,17926,0,0,3,20.0,47.9,0.0,0,0.0,40.7,23.6,42.6,16.0,10.0,partly-cloudy-day
2024-08-22,17716,0,0,3,20.7,49.3,0.0,0,0.0,31.7,15.6,35.0,16.0,10.0,partly-cloudy-day
2024-08-23,18078,0,0,3,22.5,51.7,0.0,0,0.0,13.0,21.1,27.2,15.9,10.0,partly-cloudy-day
2024-08-24,20062,0,1,3,23.4,59.6,0.0,0,0.0,20.5,20.6,39.1,16.0,10.0,partly-cloudy-day
2024-08-25,17287,0,1,3,24.5,60.3,0.0,0,0.0,20.5,21.4,34.4,15.9,10.0,partly-cloudy-day
2024-08-26,15784,0,0,3,25.4,70.1,3.64,100,0.0,83.2,46.1,67.5,15.4,30.0,rain
2024-08-27,17540,0,0,3,27.7,62.4,0.0,0,0.0,18.4,17.0,40.4,15.1,10.0,partly-cloudy-day
2024-08-28,16635,0,0,3,30.2,58.7,0.0,0,0.0,38.9,23.1,70.3,16.0,10.0,partly-cloudy-day
2024-08-29,12667,0,0,3,28.1,69.7,12.655,100,0.0,27.7,23.3,73.8,14.9,60.0,rain
2024-08-30,13992,0,0,3,22.9,87.6,6.238,100,0.0,18.4,19.8,99.2,12.8,10.0,rain
2024-08-31,16748,0,1,3,24.1,80.1,0.3,100,0.0,29.5,17.2,98.2,15.8,30.0,rain
